Old code	Area code	Area name	UK male average	Men life expectancy, 2008-10	Men change in life expectancy , 2004-6 to 2008-10, years	UK female average	Women life expectancy, 2008-10	Men change in life expectancy , 2004-6 to 2008-10, years	Comparison
00HF	E06000053	Isles of Scilly	77.0	..		81.3	..		
00AA	E09000001	City of London	77.0	..		81.3	..		
00AW	E09000020	Kensington and Chelsea	77.0	85.1	2.1	81.3	89.8	2.7	To compare, Japan has a life expectancy of 79.3 for men and 87.1 for women. </b>The average for the UK is 78.2 for men and 82.3 for women</b>
00BK	E09000033	Westminster	77.0	83.8	3.6	81.3	86.7	2.7	To compare, Japan has a life expectancy of 79.3 for men and 87.1 for women. </b>The average for the UK is 78.2 for men and 82.3 for women</b>
19UD	E07000049	East Dorset	77.0	82.0	0.5	81.3	85.9	1.1	To compare, Japan has a life expectancy of 79.3 for men and 87.1 for women. </b>The average for the UK is 78.2 for men and 82.3 for women</b>
45UE	E07000226	Crawley	77.0	81.8	1.8	81.3	83.4	1.2	To compare, Japan has a life expectancy of 79.3 for men and 87.1 for women. </b>The average for the UK is 78.2 for men and 82.3 for women</b>
43UB	E07000207	Elmbridge	77.0	81.8	1.4	81.3	84.1	0.5	To compare, Japan has a life expectancy of 79.3 for men and 87.1 for women. </b>The average for the UK is 78.2 for men and 82.3 for women</b>
24UG	E07000089	Hart	77.0	81.7	1.0	81.3	86.1	2.0	To compare, Japan has a life expectancy of 79.3 for men and 87.1 for women. </b>The average for the UK is 78.2 for men and 82.3 for women</b>
43UC	E07000208	Epsom and Ewell	77.0	81.6	1.9	81.3	86.0	1.8	To compare, Japan has a life expectancy of 79.3 for men and 87.1 for women. </b>The average for the UK is 78.2 for men and 82.3 for women</b>
19UE	E07000050	North Dorset	77.0	81.6	2.3	81.3	84.7	0.9	To compare, Japan has a life expectancy of 79.3 for men and 87.1 for women. </b>The average for the UK is 78.2 for men and 82.3 for women</b>
12UC	E07000009	East Cambridgeshire	77.0	81.5	2.0	81.3	84.6	0.5	To compare, Japan has a life expectancy of 79.3 for men and 87.1 for women. </b>The average for the UK is 78.2 for men and 82.3 for women</b>
00MF	E06000041	Wokingham UA	77.0	81.5	1.1	81.3	84.4	1.0	To compare, Japan has a life expectancy of 79.3 for men and 87.1 for women. </b>The average for the UK is 78.2 for men and 82.3 for women</b>
00FP	E06000017	Rutland	77.0	81.5	1.1	81.3	83.0	-0.9	To compare, Japan has a life expectancy of 79.3 for men and 87.1 for women. </b>The average for the UK is 78.2 for men and 82.3 for women</b>
43UD	E07000209	Guildford	77.0	81.4	1.3	81.3	84.7	0.8	To compare, Japan has a life expectancy of 79.3 for men and 87.1 for women. </b>The average for the UK is 78.2 for men and 82.3 for women</b>
11UE	E07000006	South Bucks	77.0	81.4	1.7	81.3	84.0	1.5	To compare, Japan has a life expectancy of 79.3 for men and 87.1 for women. </b>The average for the UK is 78.2 for men and 82.3 for women</b>
00AQ	E09000015	Harrow	77.0	81.4	2.4	81.3	84.8	1.6	To compare, Japan has a life expectancy of 79.3 for men and 87.1 for women. </b>The average for the UK is 78.2 for men and 82.3 for women</b>
43UK	E07000215	Tandridge	77.0	81.3	1.7	81.3	83.4	-0.1	To compare, Japan has a life expectancy of 79.3 for men and 87.1 for women. </b>The average for the UK is 78.2 for men and 82.3 for women</b>
43UG	E07000212	Runnymede	77.0	81.3	2.5	81.3	84.4	1.9	To compare, Japan has a life expectancy of 79.3 for men and 87.1 for women. </b>The average for the UK is 78.2 for men and 82.3 for women</b>
24UJ	E07000091	New Forest	77.0	81.3	1.2	81.3	85.2	1.1	To compare, Japan has a life expectancy of 79.3 for men and 87.1 for women. </b>The average for the UK is 78.2 for men and 82.3 for women</b>
19UG	E07000051	Purbeck	77.0	81.3	1.8	81.3	85.4	1.7	To compare, Japan has a life expectancy of 79.3 for men and 87.1 for women. </b>The average for the UK is 78.2 for men and 82.3 for women</b>
12UG	E07000012	South Cambridgeshire	77.0	81.3	1.9	81.3	85.1	0.8	To compare, Japan has a life expectancy of 79.3 for men and 87.1 for women. </b>The average for the UK is 78.2 for men and 82.3 for women</b>
00BD	E09000027	Richmond upon Thames	77.0	81.3	1.8	81.3	85.6	2.4	To compare, Japan has a life expectancy of 79.3 for men and 87.1 for women. </b>The average for the UK is 78.2 for men and 82.3 for women</b>
00AX	E09000021	Kingston upon Thames	77.0	81.3	2.3	81.3	84.1	1.3	To compare, Japan has a life expectancy of 79.3 for men and 87.1 for women. </b>The average for the UK is 78.2 for men and 82.3 for women</b>
29UK	E07000111	Sevenoaks	77.0	81.2	1.2	81.3	83.9	-0.1	To compare, Japan has a life expectancy of 79.3 for men and 87.1 for women. </b>The average for the UK is 78.2 for men and 82.3 for women</b>
29UB	E07000105	Ashford	77.0	81.2	1.7	81.3	83.7	1.6	To compare, Japan has a life expectancy of 79.3 for men and 87.1 for women. </b>The average for the UK is 78.2 for men and 82.3 for women</b>
19UC	E07000048	Christchurch	77.0	81.2	0.8	81.3	84.8	0.4	To compare, Japan has a life expectancy of 79.3 for men and 87.1 for women. </b>The average for the UK is 78.2 for men and 82.3 for women</b>
18UB	E07000040	East Devon	77.0	81.2	1.8	81.3	84.3	1.1	To compare, Japan has a life expectancy of 79.3 for men and 87.1 for women. </b>The average for the UK is 78.2 for men and 82.3 for women</b>
38UE	E07000180	Vale of White Horse	77.0	81.1	1.9	81.3	85.2	1.8	To compare, Japan has a life expectancy of 79.3 for men and 87.1 for women. </b>The average for the UK is 78.2 for men and 82.3 for women</b>
24UP	E07000094	Winchester	77.0	81.1	1.0	81.3	84.4	1.4	To compare, Japan has a life expectancy of 79.3 for men and 87.1 for women. </b>The average for the UK is 78.2 for men and 82.3 for women</b>
22UQ	E07000077	Uttlesford	77.0	81.1	1.7	81.3	84.7	1.8	To compare, Japan has a life expectancy of 79.3 for men and 87.1 for women. </b>The average for the UK is 78.2 for men and 82.3 for women</b>
22UD	E07000068	Brentwood	77.0	81.1	1.4	81.3	84.3	1.0	To compare, Japan has a life expectancy of 79.3 for men and 87.1 for women. </b>The average for the UK is 78.2 for men and 82.3 for women</b>
45UF	E07000227	Horsham	77.0	81.0	0.9	81.3	84.0	0.6	To compare, Japan has a life expectancy of 79.3 for men and 87.1 for women. </b>The average for the UK is 78.2 for men and 82.3 for women</b>
43UE	E07000210	Mole Valley	77.0	81.0	1.1	81.3	84.2	0.8	To compare, Japan has a life expectancy of 79.3 for men and 87.1 for women. </b>The average for the UK is 78.2 for men and 82.3 for women</b>
36UC	E07000164	Hambleton	77.0	81.0	1.7	81.3	84.2	1.0	To compare, Japan has a life expectancy of 79.3 for men and 87.1 for women. </b>The average for the UK is 78.2 for men and 82.3 for women</b>
26UG	E07000100	St Albans	77.0	81.0	1.9	81.3	83.9	1.4	To compare, Japan has a life expectancy of 79.3 for men and 87.1 for women. </b>The average for the UK is 78.2 for men and 82.3 for women</b>
21UF	E07000063	Lewes	77.0	81.0	2.0	81.3	85.1	1.3	To compare, Japan has a life expectancy of 79.3 for men and 87.1 for women. </b>The average for the UK is 78.2 for men and 82.3 for women</b>
24UE	E07000087	Fareham	77.0	80.9	0.8	81.3	84.1	0.6	To compare, Japan has a life expectancy of 79.3 for men and 87.1 for women. </b>The average for the UK is 78.2 for men and 82.3 for women</b>
17UF	E07000035	Derbyshire Dales	77.0	80.9	2.0	81.3	84.1	1.7	To compare, Japan has a life expectancy of 79.3 for men and 87.1 for women. </b>The average for the UK is 78.2 for men and 82.3 for women</b>
45UG	E07000228	Mid Sussex	77.0	80.8	1.2	81.3	83.0	0.9	To compare, Japan has a life expectancy of 79.3 for men and 87.1 for women. </b>The average for the UK is 78.2 for men and 82.3 for women</b>
34UG	E07000155	South Northamptonshire	77.0	80.8	1.0	81.3	83.9	1.3	To compare, Japan has a life expectancy of 79.3 for men and 87.1 for women. </b>The average for the UK is 78.2 for men and 82.3 for women</b>
00NQ	W06000008	Ceredigion / Ceredigion	77.0	80.8	2.3	81.3	83.9	1.0	To compare, Japan has a life expectancy of 79.3 for men and 87.1 for women. </b>The average for the UK is 78.2 for men and 82.3 for women</b>
43	E10000030	Surrey	77.0	80.8	1.2	81.3	84.3	1.3	To compare, Japan has a life expectancy of 79.3 for men and 87.1 for women. </b>The average for the UK is 78.2 for men and 82.3 for women</b>
42UF	E07000204	St Edmundsbury	77.0	80.7	2.0	81.3	83.8	1.1	To compare, Japan has a life expectancy of 79.3 for men and 87.1 for women. </b>The average for the UK is 78.2 for men and 82.3 for women</b>
42UE	E07000203	Mid Suffolk	77.0	80.7	0.8	81.3	84.2	0.9	To compare, Japan has a life expectancy of 79.3 for men and 87.1 for women. </b>The average for the UK is 78.2 for men and 82.3 for women</b>
33UH	E07000149	South Norfolk	77.0	80.7	0.5	81.3	83.2	0.0	To compare, Japan has a life expectancy of 79.3 for men and 87.1 for women. </b>The average for the UK is 78.2 for men and 82.3 for women</b>
29UQ	E07000116	Tunbridge Wells	77.0	80.7	2.1	81.3	83.6	1.2	To compare, Japan has a life expectancy of 79.3 for men and 87.1 for women. </b>The average for the UK is 78.2 for men and 82.3 for women</b>
26UC	E07000096	Dacorum	77.0	80.7	1.9	81.3	83.4	1.2	To compare, Japan has a life expectancy of 79.3 for men and 87.1 for women. </b>The average for the UK is 78.2 for men and 82.3 for women</b>
23UC	E07000079	Cotswold	77.0	80.7	0.8	81.3	84.2	1.0	To compare, Japan has a life expectancy of 79.3 for men and 87.1 for women. </b>The average for the UK is 78.2 for men and 82.3 for women</b>
11UC	E07000005	Chiltern	77.0	80.7	1.3	81.3	85.0	1.6	To compare, Japan has a life expectancy of 79.3 for men and 87.1 for women. </b>The average for the UK is 78.2 for men and 82.3 for women</b>
00BA	E09000024	Merton	77.0	80.7	1.7	81.3	84.6	1.5	To compare, Japan has a life expectancy of 79.3 for men and 87.1 for women. </b>The average for the UK is 78.2 for men and 82.3 for women</b>
43UL	E07000216	Waverley	77.0	80.6	0.9	81.3	84.7	1.9	To compare, Japan has a life expectancy of 79.3 for men and 87.1 for women. </b>The average for the UK is 78.2 for men and 82.3 for women</b>
23UB	E07000078	Cheltenham	77.0	80.6	1.9	81.3	84.4	1.5	To compare, Japan has a life expectancy of 79.3 for men and 87.1 for women. </b>The average for the UK is 78.2 for men and 82.3 for women</b>
22UF	E07000070	Chelmsford	77.0	80.6	1.0	81.3	84.2	0.7	To compare, Japan has a life expectancy of 79.3 for men and 87.1 for women. </b>The average for the UK is 78.2 for men and 82.3 for women</b>
00HD	E06000025	South Gloucestershire UA	77.0	80.6	1.2	81.3	84.2	0.5	To compare, Japan has a life expectancy of 79.3 for men and 87.1 for women. </b>The average for the UK is 78.2 for men and 82.3 for women</b>
00CT	E08000029	Solihull	77.0	80.6	2.2	81.3	83.8	0.5	To compare, Japan has a life expectancy of 79.3 for men and 87.1 for women. </b>The average for the UK is 78.2 for men and 82.3 for women</b>
19	E10000009	Dorset	77.0	80.6	0.9	81.3	84.8	1.1	To compare, Japan has a life expectancy of 79.3 for men and 87.1 for women. </b>The average for the UK is 78.2 for men and 82.3 for women</b>
37UJ	E07000176	Rushcliffe	77.0	80.5	0.9	81.3	83.7	0.7	To compare, Japan has a life expectancy of 79.3 for men and 87.1 for women. </b>The average for the UK is 78.2 for men and 82.3 for women</b>
31UG	E07000133	Melton	77.0	80.5	1.9	81.3	83.5	1.0	To compare, Japan has a life expectancy of 79.3 for men and 87.1 for women. </b>The average for the UK is 78.2 for men and 82.3 for women</b>
18UH	E07000045	Teignbridge	77.0	80.5	0.9	81.3	83.5	0.1	To compare, Japan has a life expectancy of 79.3 for men and 87.1 for women. </b>The average for the UK is 78.2 for men and 82.3 for women</b>
12UE	E07000011	Huntingdonshire	77.0	80.5	1.9	81.3	84.0	1.8	To compare, Japan has a life expectancy of 79.3 for men and 87.1 for women. </b>The average for the UK is 78.2 for men and 82.3 for women</b>
24	E10000014	Hampshire	77.0	80.5	1.1	81.3	84.0	1.1	To compare, Japan has a life expectancy of 79.3 for men and 87.1 for women. </b>The average for the UK is 78.2 for men and 82.3 for women</b>
11	E10000002	Buckinghamshire	77.0	80.5	1.5	81.3	84.0	1.3	To compare, Japan has a life expectancy of 79.3 for men and 87.1 for women. </b>The average for the UK is 78.2 for men and 82.3 for women</b>
44UE	E07000221	Stratford-on-Avon	77.0	80.4	1.8	81.3	83.5	1.5	To compare, Japan has a life expectancy of 79.3 for men and 87.1 for women. </b>The average for the UK is 78.2 for men and 82.3 for women</b>
42UG	E07000205	Suffolk Coastal	77.0	80.4	0.6	81.3	83.7	0.8	To compare, Japan has a life expectancy of 79.3 for men and 87.1 for women. </b>The average for the UK is 78.2 for men and 82.3 for women</b>
26UB	E07000095	Broxbourne	77.0	80.4	1.2	81.3	84.4	2.2	To compare, Japan has a life expectancy of 79.3 for men and 87.1 for women. </b>The average for the UK is 78.2 for men and 82.3 for women</b>
24UN	E07000093	Test Valley	77.0	80.4	1.3	81.3	84.4	1.7	To compare, Japan has a life expectancy of 79.3 for men and 87.1 for women. </b>The average for the UK is 78.2 for men and 82.3 for women</b>
24UD	E07000086	Eastleigh	77.0	80.4	0.9	81.3	83.8	1.4	To compare, Japan has a life expectancy of 79.3 for men and 87.1 for women. </b>The average for the UK is 78.2 for men and 82.3 for women</b>
24UC	E07000085	East Hampshire	77.0	80.4	1.4	81.3	83.4	1.4	To compare, Japan has a life expectancy of 79.3 for men and 87.1 for women. </b>The average for the UK is 78.2 for men and 82.3 for women</b>
18UK	E07000046	Torridge	77.0	80.4	2.0	81.3	83.7	0.7	To compare, Japan has a life expectancy of 79.3 for men and 87.1 for women. </b>The average for the UK is 78.2 for men and 82.3 for women</b>
18UG	E07000044	South Hams	77.0	80.4	1.4	81.3	83.9	0.6	To compare, Japan has a life expectancy of 79.3 for men and 87.1 for women. </b>The average for the UK is 78.2 for men and 82.3 for women</b>
18UD	E07000042	Mid Devon	77.0	80.4	1.3	81.3	83.8	1.0	To compare, Japan has a life expectancy of 79.3 for men and 87.1 for women. </b>The average for the UK is 78.2 for men and 82.3 for women</b>
11UF	E07000007	Wycombe	77.0	80.4	1.2	81.3	84.7	1.3	To compare, Japan has a life expectancy of 79.3 for men and 87.1 for women. </b>The average for the UK is 78.2 for men and 82.3 for women</b>
00MB	E06000037	West Berkshire UA	77.0	80.4	1.6	81.3	84.2	1.5	To compare, Japan has a life expectancy of 79.3 for men and 87.1 for women. </b>The average for the UK is 78.2 for men and 82.3 for women</b>
00AC	E09000003	Barnet	77.0	80.4	1.4	81.3	84.4	1.0	To compare, Japan has a life expectancy of 79.3 for men and 87.1 for women. </b>The average for the UK is 78.2 for men and 82.3 for women</b>
47UF	E07000238	Wychavon	77.0	80.3	1.5	81.3	84.0	0.8	To compare, Japan has a life expectancy of 79.3 for men and 87.1 for women. </b>The average for the UK is 78.2 for men and 82.3 for women</b>
43UJ	E07000214	Surrey Heath	77.0	80.3	0.5	81.3	84.3	1.7	To compare, Japan has a life expectancy of 79.3 for men and 87.1 for women. </b>The average for the UK is 78.2 for men and 82.3 for women</b>
38UD	E07000179	South Oxfordshire	77.0	80.3	1.4	81.3	84.6	1.7	To compare, Japan has a life expectancy of 79.3 for men and 87.1 for women. </b>The average for the UK is 78.2 for men and 82.3 for women</b>
36UF	E07000167	Ryedale	77.0	80.3	1.8	81.3	83.9	1.6	To compare, Japan has a life expectancy of 79.3 for men and 87.1 for women. </b>The average for the UK is 78.2 for men and 82.3 for women</b>
33UC	E07000144	Broadland	77.0	80.3	1.4	81.3	83.2	0.7	To compare, Japan has a life expectancy of 79.3 for men and 87.1 for women. </b>The average for the UK is 78.2 for men and 82.3 for women</b>
29UP	E07000115	Tonbridge and Malling	77.0	80.3	0.9	81.3	83.7	0.9	To compare, Japan has a life expectancy of 79.3 for men and 87.1 for women. </b>The average for the UK is 78.2 for men and 82.3 for women</b>
26UJ	E07000102	Three Rivers	77.0	80.3	0.4	81.3	84.8	1.9	To compare, Japan has a life expectancy of 79.3 for men and 87.1 for women. </b>The average for the UK is 78.2 for men and 82.3 for women</b>
22UL	E07000075	Rochford	77.0	80.3	1.0	81.3	83.6	-0.7	To compare, Japan has a life expectancy of 79.3 for men and 87.1 for women. </b>The average for the UK is 78.2 for men and 82.3 for women</b>
21UH	E07000065	Wealden	77.0	80.3	0.7	81.3	83.9	0.5	To compare, Japan has a life expectancy of 79.3 for men and 87.1 for women. </b>The average for the UK is 78.2 for men and 82.3 for women</b>
00AF	E09000006	Bromley	77.0	80.3	1.1	81.3	84.3	0.9	To compare, Japan has a life expectancy of 79.3 for men and 87.1 for women. </b>The average for the UK is 78.2 for men and 82.3 for women</b>
43UH	E07000213	Spelthorne	77.0	80.2	1.4	81.3	84.3	2.0	To compare, Japan has a life expectancy of 79.3 for men and 87.1 for women. </b>The average for the UK is 78.2 for men and 82.3 for women</b>
40UB	E07000187	Mendip	77.0	80.2	2.1	81.3	83.7	1.3	To compare, Japan has a life expectancy of 79.3 for men and 87.1 for women. </b>The average for the UK is 78.2 for men and 82.3 for women</b>
36UB	E07000163	Craven	77.0	80.2	1.0	81.3	84.2	0.8	To compare, Japan has a life expectancy of 79.3 for men and 87.1 for women. </b>The average for the UK is 78.2 for men and 82.3 for women</b>
26UD	E07000097	East Hertfordshire	77.0	80.2	0.4	81.3	83.7	1.2	To compare, Japan has a life expectancy of 79.3 for men and 87.1 for women. </b>The average for the UK is 78.2 for men and 82.3 for women</b>
00PP	W06000021	Monmouthshire / Sir Fynwy	77.0	80.2	1.5	81.3	83.6	0.3	To compare, Japan has a life expectancy of 79.3 for men and 87.1 for women. </b>The average for the UK is 78.2 for men and 82.3 for women</b>
00HA	E06000022	Bath and North East Somerset UA	77.0	80.2	0.8	81.3	83.9	1.0	To compare, Japan has a life expectancy of 79.3 for men and 87.1 for women. </b>The average for the UK is 78.2 for men and 82.3 for women</b>
18	E10000008	Devon	77.0	80.2	1.4	81.3	83.8	0.8	To compare, Japan has a life expectancy of 79.3 for men and 87.1 for women. </b>The average for the UK is 78.2 for men and 82.3 for women</b>
43UF	E07000211	Reigate and Banstead	77.0	80.1	1.4	81.3	83.5	1.8	To compare, Japan has a life expectancy of 79.3 for men and 87.1 for women. </b>The average for the UK is 78.2 for men and 82.3 for women</b>
24UB	E07000084	Basingstoke and Deane	77.0	80.1	1.0	81.3	82.7	0.1	To compare, Japan has a life expectancy of 79.3 for men and 87.1 for women. </b>The average for the UK is 78.2 for men and 82.3 for women</b>
16UF	E07000030	Eden	77.0	80.1	1.9	81.3	83.9	0.8	To compare, Japan has a life expectancy of 79.3 for men and 87.1 for women. </b>The average for the UK is 78.2 for men and 82.3 for women</b>
11UB	E07000004	Aylesbury Vale	77.0	80.1	1.8	81.3	83.0	1.2	To compare, Japan has a life expectancy of 79.3 for men and 87.1 for women. </b>The average for the UK is 78.2 for men and 82.3 for women</b>
12	E10000003	Cambridgeshire	77.0	80.1	1.4	81.3	83.9	1.2	To compare, Japan has a life expectancy of 79.3 for men and 87.1 for women. </b>The average for the UK is 78.2 for men and 82.3 for women</b>
45UD	E07000225	Chichester	77.0	80.0	0.9	81.3	84.4	1.5	To compare, Japan has a life expectancy of 79.3 for men and 87.1 for women. </b>The average for the UK is 78.2 for men and 82.3 for women</b>
42UB	E07000200	Babergh	77.0	80.0	1.3	81.3	83.8	0.6	To compare, Japan has a life expectancy of 79.3 for men and 87.1 for women. </b>The average for the UK is 78.2 for men and 82.3 for women</b>
38UF	E07000181	West Oxfordshire	77.0	80.0	0.5	81.3	83.8	1.1	To compare, Japan has a life expectancy of 79.3 for men and 87.1 for women. </b>The average for the UK is 78.2 for men and 82.3 for women</b>
33UB	E07000143	Breckland	77.0	80.0	1.4	81.3	83.2	0.9	To compare, Japan has a life expectancy of 79.3 for men and 87.1 for women. </b>The average for the UK is 78.2 for men and 82.3 for women</b>
31UD	E07000131	Harborough	77.0	80.0	0.2	81.3	84.6	2.3	To compare, Japan has a life expectancy of 79.3 for men and 87.1 for women. </b>The average for the UK is 78.2 for men and 82.3 for women</b>
22UE	E07000069	Castle Point	77.0	80.0	0.7	81.3	83.3	1.2	To compare, Japan has a life expectancy of 79.3 for men and 87.1 for women. </b>The average for the UK is 78.2 for men and 82.3 for women</b>
44UF	E07000222	Warwick	77.0	79.9	1.6	81.3	84.3	1.0	To compare, Switzerland has a life expectancy of 79.3 for men and 84.7 for women. </b>The average for the UK is 78.2 for men and 82.3 for women</b>
42UC	E07000201	Forest Heath	77.0	79.9	1.1	81.3	83.5	0.5	To compare, Switzerland has a life expectancy of 79.3 for men and 84.7 for women. </b>The average for the UK is 78.2 for men and 82.3 for women</b>
36UH	E07000169	Selby	77.0	79.9	2.0	81.3	83.4	0.7	To compare, Switzerland has a life expectancy of 79.3 for men and 84.7 for women. </b>The average for the UK is 78.2 for men and 82.3 for women</b>
33UF	E07000147	North Norfolk	77.0	79.9	1.9	81.3	84.7	1.0	To compare, Switzerland has a life expectancy of 79.3 for men and 84.7 for women. </b>The average for the UK is 78.2 for men and 82.3 for women</b>
32UG	E07000141	South Kesteven	77.0	79.9	2.0	81.3	83.3	0.9	To compare, Switzerland has a life expectancy of 79.3 for men and 84.7 for women. </b>The average for the UK is 78.2 for men and 82.3 for women</b>
31UE	E07000132	Hinckley and Bosworth	77.0	79.9	1.0	81.3	84.3	2.9	To compare, Switzerland has a life expectancy of 79.3 for men and 84.7 for women. </b>The average for the UK is 78.2 for men and 82.3 for women</b>
23UF	E07000082	Stroud	77.0	79.9	1.3	81.3	83.3	0.9	To compare, Switzerland has a life expectancy of 79.3 for men and 84.7 for women. </b>The average for the UK is 78.2 for men and 82.3 for women</b>
18UL	E07000047	West Devon	77.0	79.9	0.7	81.3	83.5	0.8	To compare, Switzerland has a life expectancy of 79.3 for men and 84.7 for women. </b>The average for the UK is 78.2 for men and 82.3 for women</b>
00AD	E09000004	Bexley	77.0	79.9	1.4	81.3	83.5	0.9	To compare, Switzerland has a life expectancy of 79.3 for men and 84.7 for women. </b>The average for the UK is 78.2 for men and 82.3 for women</b>
45	E10000032	West Sussex	77.0	79.9	1.1	81.3	83.5	1.2	To compare, Switzerland has a life expectancy of 79.3 for men and 84.7 for women. </b>The average for the UK is 78.2 for men and 82.3 for women</b>
42	E10000029	Suffolk	77.0	79.9	1.0	81.3	83.6	0.8	To compare, Switzerland has a life expectancy of 79.3 for men and 84.7 for women. </b>The average for the UK is 78.2 for men and 82.3 for women</b>
38	E10000025	Oxfordshire 	77.0	79.9	1.1	81.3	84.1	1.3	To compare, Switzerland has a life expectancy of 79.3 for men and 84.7 for women. </b>The average for the UK is 78.2 for men and 82.3 for women</b>
26	E10000015	Hertfordshire 	77.0	79.9	1.2	81.3	83.3	1.0	To compare, Switzerland has a life expectancy of 79.3 for men and 84.7 for women. </b>The average for the UK is 78.2 for men and 82.3 for women</b>
47UC	E07000235	Malvern Hills	77.0	79.8	1.3	81.3	83.4	1.4	To compare, Switzerland has a life expectancy of 79.3 for men and 84.7 for women. </b>The average for the UK is 78.2 for men and 82.3 for women</b>
40UD	E07000189	South Somerset	77.0	79.8	0.7	81.3	84.2	1.4	To compare, Switzerland has a life expectancy of 79.3 for men and 84.7 for women. </b>The average for the UK is 78.2 for men and 82.3 for women</b>
31UB	E07000129	Blaby	77.0	79.8	0.3	81.3	84.5	1.2	To compare, Switzerland has a life expectancy of 79.3 for men and 84.7 for women. </b>The average for the UK is 78.2 for men and 82.3 for women</b>
19UH	E07000052	West Dorset	77.0	79.8	0.3	81.3	84.6	1.5	To compare, Switzerland has a life expectancy of 79.3 for men and 84.7 for women. </b>The average for the UK is 78.2 for men and 82.3 for women</b>
17UH	E07000037	High Peak	77.0	79.8	1.5	81.3	82.9	2.5	To compare, Switzerland has a life expectancy of 79.3 for men and 84.7 for women. </b>The average for the UK is 78.2 for men and 82.3 for women</b>
00NN	W06000023	Powys / Powys	77.0	79.8	1.5	81.3	83.3	1.5	To compare, Switzerland has a life expectancy of 79.3 for men and 84.7 for women. </b>The average for the UK is 78.2 for men and 82.3 for women</b>
00ME	E06000040	Windsor and Maidenhead UA	77.0	79.8	1.3	81.3	83.6	0.9	To compare, Switzerland has a life expectancy of 79.3 for men and 84.7 for women. </b>The average for the UK is 78.2 for men and 82.3 for women</b>
00MA	E06000036	Bracknell Forest UA	77.0	79.8	1.2	81.3	84.3	1.7	To compare, Switzerland has a life expectancy of 79.3 for men and 84.7 for women. </b>The average for the UK is 78.2 for men and 82.3 for women</b>
00FF	E06000014	York UA	77.0	79.8	1.9	81.3	83.0	-0.1	To compare, Switzerland has a life expectancy of 79.3 for men and 84.7 for women. </b>The average for the UK is 78.2 for men and 82.3 for women</b>
	E12000008	SOUTH EAST	77.0	79.7	1.2	81.3	83.5	1.1	To compare, Switzerland has a life expectancy of 79.3 for men and 84.7 for women. </b>The average for the UK is 78.2 for men and 82.3 for women</b>
40UF	E07000191	West Somerset	77.0	79.7	0.5	81.3	84.3	0.6	To compare, Switzerland has a life expectancy of 79.3 for men and 84.7 for women. </b>The average for the UK is 78.2 for men and 82.3 for women</b>
26UL	E07000104	Welwyn Hatfield	77.0	79.7	1.3	81.3	83.5	0.7	To compare, Switzerland has a life expectancy of 79.3 for men and 84.7 for women. </b>The average for the UK is 78.2 for men and 82.3 for women</b>
23UG	E07000083	Tewkesbury	77.0	79.7	1.0	81.3	84.0	0.9	To compare, Switzerland has a life expectancy of 79.3 for men and 84.7 for women. </b>The average for the UK is 78.2 for men and 82.3 for women</b>
00HC	E06000024	North Somerset UA	77.0	79.7	0.7	81.3	83.9	1.2	To compare, Switzerland has a life expectancy of 79.3 for men and 84.7 for women. </b>The average for the UK is 78.2 for men and 82.3 for women</b>
36	E10000023	North Yorkshire	77.0	79.7	1.4	81.3	83.5	1.1	To compare, Switzerland has a life expectancy of 79.3 for men and 84.7 for women. </b>The average for the UK is 78.2 for men and 82.3 for women</b>
31	E10000018	Leicestershire	77.0	79.7	1.1	81.3	83.5	1.5	To compare, Switzerland has a life expectancy of 79.3 for men and 84.7 for women. </b>The average for the UK is 78.2 for men and 82.3 for women</b>
23	E10000013	Gloucestershire	77.0	79.7	1.3	81.3	83.5	1.0	To compare, Switzerland has a life expectancy of 79.3 for men and 84.7 for women. </b>The average for the UK is 78.2 for men and 82.3 for women</b>
22	E10000012	Essex	77.0	79.7	1.4	81.3	83.3	0.8	To compare, Switzerland has a life expectancy of 79.3 for men and 84.7 for women. </b>The average for the UK is 78.2 for men and 82.3 for women</b>
	E12000006	EAST	77.0	79.6	1.3	81.3	83.2	0.9	To compare, Switzerland has a life expectancy of 79.3 for men and 84.7 for women. </b>The average for the UK is 78.2 for men and 82.3 for women</b>
47UB	E07000234	Bromsgrove	77.0	79.6	1.0	81.3	82.7	1.3	To compare, Switzerland has a life expectancy of 79.3 for men and 84.7 for women. </b>The average for the UK is 78.2 for men and 82.3 for women</b>
36UD	E07000165	Harrogate	77.0	79.6	0.6	81.3	83.8	1.3	To compare, Switzerland has a life expectancy of 79.3 for men and 84.7 for women. </b>The average for the UK is 78.2 for men and 82.3 for women</b>
22UH	E07000072	Epping Forest	77.0	79.6	1.8	81.3	82.9	0.8	To compare, Switzerland has a life expectancy of 79.3 for men and 84.7 for women. </b>The average for the UK is 78.2 for men and 82.3 for women</b>
22UG	E07000071	Colchester	77.0	79.6	1.6	81.3	83.5	0.9	To compare, Switzerland has a life expectancy of 79.3 for men and 84.7 for women. </b>The average for the UK is 78.2 for men and 82.3 for women</b>
22UC	E07000067	Braintree	77.0	79.6	1.1	81.3	82.8	0.4	To compare, Switzerland has a life expectancy of 79.3 for men and 84.7 for women. </b>The average for the UK is 78.2 for men and 82.3 for women</b>
21UG	E07000064	Rother	77.0	79.6	1.4	81.3	83.8	1.3	To compare, Switzerland has a life expectancy of 79.3 for men and 84.7 for women. </b>The average for the UK is 78.2 for men and 82.3 for women</b>
17UJ	E07000038	North East Derbyshire	77.0	79.6	2.1	81.3	82.6	1.8	To compare, Switzerland has a life expectancy of 79.3 for men and 84.7 for women. </b>The average for the UK is 78.2 for men and 82.3 for women</b>
00HY	E06000054	Wiltshire	77.0	79.6	0.6	81.3	83.7	0.9	To compare, Switzerland has a life expectancy of 79.3 for men and 84.7 for women. </b>The average for the UK is 78.2 for men and 82.3 for women</b>
00BF	E09000029	Sutton	77.0	79.6	1.0	81.3	83.6	1.0	To compare, Switzerland has a life expectancy of 79.3 for men and 84.7 for women. </b>The average for the UK is 78.2 for men and 82.3 for women</b>
00AH	E09000008	Croydon	77.0	79.6	1.8	81.3	82.6	1.4	To compare, Switzerland has a life expectancy of 79.3 for men and 84.7 for women. </b>The average for the UK is 78.2 for men and 82.3 for women</b>
	E12000009	SOUTH WEST	77.0	79.5	1.0	81.3	83.5	0.8	To compare, Switzerland has a life expectancy of 79.3 for men and 84.7 for women. </b>The average for the UK is 78.2 for men and 82.3 for women</b>
42UH	E07000206	Waveney	77.0	79.5	0.9	81.3	83.6	1.2	To compare, Switzerland has a life expectancy of 79.3 for men and 84.7 for women. </b>The average for the UK is 78.2 for men and 82.3 for women</b>
37UE	E07000173	Gedling	77.0	79.5	0.9	81.3	83.0	0.8	To compare, Switzerland has a life expectancy of 79.3 for men and 84.7 for women. </b>The average for the UK is 78.2 for men and 82.3 for women</b>
34UD	E07000152	East Northamptonshire	77.0	79.5	1.4	81.3	81.9	0.8	To compare, Switzerland has a life expectancy of 79.3 for men and 84.7 for women. </b>The average for the UK is 78.2 for men and 82.3 for women</b>
32UE	E07000139	North Kesteven	77.0	79.5	1.4	81.3	83.5	0.8	To compare, Switzerland has a life expectancy of 79.3 for men and 84.7 for women. </b>The average for the UK is 78.2 for men and 82.3 for women</b>
30UN	E07000126	South Ribble	77.0	79.5	1.9	81.3	83.0	1.1	To compare, Switzerland has a life expectancy of 79.3 for men and 84.7 for women. </b>The average for the UK is 78.2 for men and 82.3 for women</b>
30UF	E07000119	Fylde	77.0	79.5	1.3	81.3	83.0	1.4	To compare, Switzerland has a life expectancy of 79.3 for men and 84.7 for women. </b>The average for the UK is 78.2 for men and 82.3 for women</b>
22UK	E07000074	Maldon	77.0	79.5	2.1	81.3	83.5	1.5	To compare, Switzerland has a life expectancy of 79.3 for men and 84.7 for women. </b>The average for the UK is 78.2 for men and 82.3 for women</b>
16UG	E07000031	South Lakeland	77.0	79.5	0.7	81.3	83.2	0.3	To compare, Switzerland has a life expectancy of 79.3 for men and 84.7 for women. </b>The average for the UK is 78.2 for men and 82.3 for women</b>
00KC	E06000056	Central Bedfordshire	77.0	79.5	1.5	81.3	83.0	1.0	To compare, Switzerland has a life expectancy of 79.3 for men and 84.7 for women. </b>The average for the UK is 78.2 for men and 82.3 for women</b>
00EQ	E06000049	Cheshire East	77.0	79.5	1.5	81.3	82.9	1.1	To compare, Switzerland has a life expectancy of 79.3 for men and 84.7 for women. </b>The average for the UK is 78.2 for men and 82.3 for women</b>
00BC	E09000026	Redbridge	77.0	79.5	1.6	81.3	83.2	1.1	To compare, Switzerland has a life expectancy of 79.3 for men and 84.7 for women. </b>The average for the UK is 78.2 for men and 82.3 for women</b>
00AK	E09000010	Enfield	77.0	79.5	1.6	81.3	83.0	1.1	To compare, Switzerland has a life expectancy of 79.3 for men and 84.7 for women. </b>The average for the UK is 78.2 for men and 82.3 for women</b>
40	E10000027	Somerset 	77.0	79.5	1.0	81.3	83.7	0.9	To compare, Switzerland has a life expectancy of 79.3 for men and 84.7 for women. </b>The average for the UK is 78.2 for men and 82.3 for women</b>
33	E10000020	Norfolk 	77.0	79.5	1.2	81.3	83.3	0.8	To compare, Switzerland has a life expectancy of 79.3 for men and 84.7 for women. </b>The average for the UK is 78.2 for men and 82.3 for women</b>
95H	95H	Magherafelt	77.0	79.4	2.1	81.3	82.6	0.7	To compare, Switzerland has a life expectancy of 79.3 for men and 84.7 for women. </b>The average for the UK is 78.2 for men and 82.3 for women</b>
45UC	E07000224	Arun	77.0	79.4	1.3	81.3	83.5	1.3	To compare, Switzerland has a life expectancy of 79.3 for men and 84.7 for women. </b>The average for the UK is 78.2 for men and 82.3 for women</b>
45UB	E07000223	Adur	77.0	79.4	1.0	81.3	83.1	1.8	To compare, Switzerland has a life expectancy of 79.3 for men and 84.7 for women. </b>The average for the UK is 78.2 for men and 82.3 for women</b>
34UC	E07000151	Daventry	77.0	79.4	1.1	81.3	83.3	1.4	To compare, Switzerland has a life expectancy of 79.3 for men and 84.7 for women. </b>The average for the UK is 78.2 for men and 82.3 for women</b>
31UJ	E07000135	Oadby and Wigston	77.0	79.4	1.1	81.3	83.0	1.3	To compare, Switzerland has a life expectancy of 79.3 for men and 84.7 for women. </b>The average for the UK is 78.2 for men and 82.3 for women</b>
24UH	E07000090	Havant	77.0	79.4	0.6	81.3	83.3	0.9	To compare, Switzerland has a life expectancy of 79.3 for men and 84.7 for women. </b>The average for the UK is 78.2 for men and 82.3 for women</b>
23UD	E07000080	Forest of Dean	77.0	79.4	2.3	81.3	83.1	0.8	To compare, Switzerland has a life expectancy of 79.3 for men and 84.7 for women. </b>The average for the UK is 78.2 for men and 82.3 for women</b>
00QL	S12000009	East Dunbartonshire	77.0	79.4	1.4	81.3	82.7	1.0	To compare, Switzerland has a life expectancy of 79.3 for men and 84.7 for women. </b>The average for the UK is 78.2 for men and 82.3 for women</b>
00MD	E06000039	Slough UA	77.0	79.4	1.9	81.3	82.8	1.2	To compare, Switzerland has a life expectancy of 79.3 for men and 84.7 for women. </b>The average for the UK is 78.2 for men and 82.3 for women</b>
00HP	E06000029	Poole UA	77.0	79.4	1.1	81.3	83.6	0.7	To compare, Switzerland has a life expectancy of 79.3 for men and 84.7 for women. </b>The average for the UK is 78.2 for men and 82.3 for women</b>
00AN	E09000013	Hammersmith and Fulham 	77.0	79.4	1.6	81.3	84.3	0.9	To compare, Switzerland has a life expectancy of 79.3 for men and 84.7 for women. </b>The average for the UK is 78.2 for men and 82.3 for women</b>
21	E10000011	East Sussex	77.0	79.4	1.3	81.3	83.5	1.1	To compare, Switzerland has a life expectancy of 79.3 for men and 84.7 for women. </b>The average for the UK is 78.2 for men and 82.3 for women</b>
43UM	E07000217	Woking	77.0	79.3	0.0	81.3	84.6	1.7	To compare, Switzerland has a life expectancy of 79.3 for men and 84.7 for women. </b>The average for the UK is 78.2 for men and 82.3 for women</b>
33UE	E07000146	Kingâ€™s Lynn and West Norfolk	77.0	79.3	1.3	81.3	83.5	1.4	To compare, Switzerland has a life expectancy of 79.3 for men and 84.7 for women. </b>The average for the UK is 78.2 for men and 82.3 for women</b>
32UH	E07000142	West Lindsey	77.0	79.3	1.9	81.3	82.4	1.6	To compare, Switzerland has a life expectancy of 79.3 for men and 84.7 for women. </b>The average for the UK is 78.2 for men and 82.3 for women</b>
26UF	E07000099	North Hertfordshire	77.0	79.3	1.1	81.3	81.9	-0.4	To compare, Switzerland has a life expectancy of 79.3 for men and 84.7 for women. </b>The average for the UK is 78.2 for men and 82.3 for women</b>
18UC	E07000041	Exeter	77.0	79.3	2.0	81.3	83.4	0.4	To compare, Switzerland has a life expectancy of 79.3 for men and 84.7 for women. </b>The average for the UK is 78.2 for men and 82.3 for women</b>
00HE	E06000052	Cornwall	77.0	79.3	1.1	81.3	83.1	0.7	To compare, Switzerland has a life expectancy of 79.3 for men and 84.7 for women. </b>The average for the UK is 78.2 for men and 82.3 for women</b>
00GA	E06000019	Herefordshire, County of UA	77.0	79.3	1.5	81.3	83.6	0.8	To compare, Switzerland has a life expectancy of 79.3 for men and 84.7 for women. </b>The average for the UK is 78.2 for men and 82.3 for women</b>
40UE	E07000190	Taunton Deane	77.0	79.2	1.0	81.3	82.8	-0.1	To compare, Switzerland has a life expectancy of 79.3 for men and 84.7 for women. </b>The average for the UK is 78.2 for men and 82.3 for women</b>
37UD	E07000172	Broxtowe	77.0	79.2	0.7	81.3	83.2	0.9	To compare, Switzerland has a life expectancy of 79.3 for men and 84.7 for women. </b>The average for the UK is 78.2 for men and 82.3 for women</b>
34UH	E07000156	Wellingborough	77.0	79.2	1.8	81.3	83.5	1.2	To compare, Switzerland has a life expectancy of 79.3 for men and 84.7 for women. </b>The average for the UK is 78.2 for men and 82.3 for women</b>
31UC	E07000130	Charnwood	77.0	79.2	1.3	81.3	82.9	1.1	To compare, Switzerland has a life expectancy of 79.3 for men and 84.7 for women. </b>The average for the UK is 78.2 for men and 82.3 for women</b>
29UH	E07000110	Maidstone	77.0	79.2	1.0	81.3	82.7	0.6	To compare, Switzerland has a life expectancy of 79.3 for men and 84.7 for women. </b>The average for the UK is 78.2 for men and 82.3 for women</b>
26UE	E07000098	Hertsmere	77.0	79.2	1.4	81.3	83.7	1.8	To compare, Switzerland has a life expectancy of 79.3 for men and 84.7 for women. </b>The average for the UK is 78.2 for men and 82.3 for women</b>
24UF	E07000088	Gosport	77.0	79.2	2.0	81.3	81.8	0.5	To compare, Switzerland has a life expectancy of 79.3 for men and 84.7 for women. </b>The average for the UK is 78.2 for men and 82.3 for women</b>
22UN	E07000076	Tendring	77.0	79.2	2.1	81.3	83.0	1.1	To compare, Switzerland has a life expectancy of 79.3 for men and 84.7 for women. </b>The average for the UK is 78.2 for men and 82.3 for women</b>
00FB	E06000011	East Riding of Yorkshire UA	77.0	79.2	1.1	81.3	82.9	1.2	To compare, Switzerland has a life expectancy of 79.3 for men and 84.7 for women. </b>The average for the UK is 78.2 for men and 82.3 for women</b>
00EW	E06000050	Cheshire West and Chester	77.0	79.2	1.9	81.3	82.3	0.7	To compare, Switzerland has a life expectancy of 79.3 for men and 84.7 for women. </b>The average for the UK is 78.2 for men and 82.3 for women</b>
00AE	E09000005	Brent 	77.0	79.2	1.2	81.3	84.0	0.7	To compare, Switzerland has a life expectancy of 79.3 for men and 84.7 for women. </b>The average for the UK is 78.2 for men and 82.3 for women</b>
41UG	E07000197	Stafford	77.0	79.1	1.6	81.3	83.3	1.1	To compare, Switzerland has a life expectancy of 79.3 for men and 84.7 for women. </b>The average for the UK is 78.2 for men and 82.3 for women</b>
41UF	E07000196	South Staffordshire	77.0	79.1	1.6	81.3	82.8	1.3	To compare, Switzerland has a life expectancy of 79.3 for men and 84.7 for women. </b>The average for the UK is 78.2 for men and 82.3 for women</b>
17UG	E07000036	Erewash	77.0	79.1	1.7	81.3	82.8	1.6	To compare, Switzerland has a life expectancy of 79.3 for men and 84.7 for women. </b>The average for the UK is 78.2 for men and 82.3 for women</b>
00RB	S12000024	Perth & Kinross	77.0	79.1	2.6	81.3	82.3	1.1	To compare, Switzerland has a life expectancy of 79.3 for men and 84.7 for women. </b>The average for the UK is 78.2 for men and 82.3 for women</b>
00MW	E06000046	Isle of Wight UA	77.0	79.1	0.7	81.3	83.6	0.5	To compare, Switzerland has a life expectancy of 79.3 for men and 84.7 for women. </b>The average for the UK is 78.2 for men and 82.3 for women</b>
47	E10000034	Worcestershire	77.0	79.1	1.0	81.3	83.0	1.3	To compare, Switzerland has a life expectancy of 79.3 for men and 84.7 for women. </b>The average for the UK is 78.2 for men and 82.3 for women</b>
44	E10000031	Warwickshire	77.0	79.1	1.4	81.3	83.0	1.5	To compare, Switzerland has a life expectancy of 79.3 for men and 84.7 for women. </b>The average for the UK is 78.2 for men and 82.3 for women</b>
29	E10000016	Kent	77.0	79.1	1.1	81.3	82.7	0.9	To compare, Switzerland has a life expectancy of 79.3 for men and 84.7 for women. </b>The average for the UK is 78.2 for men and 82.3 for women</b>
	E12000007	LONDON	77.0	79.0	1.6	81.3	83.3	1.3	To compare, Switzerland has a life expectancy of 79.3 for men and 84.7 for women. </b>The average for the UK is 78.2 for men and 82.3 for women</b>
95W	95W	North Down	77.0	79.0	1.2	81.3	82.2	-0.6	To compare, Switzerland has a life expectancy of 79.3 for men and 84.7 for women. </b>The average for the UK is 78.2 for men and 82.3 for women</b>
31UH	E07000134	North West Leicestershire	77.0	79.0	1.7	81.3	82.2	0.9	To compare, Switzerland has a life expectancy of 79.3 for men and 84.7 for women. </b>The average for the UK is 78.2 for men and 82.3 for women</b>
30UL	E07000124	Ribble Valley	77.0	79.0	1.4	81.3	83.3	0.5	To compare, Switzerland has a life expectancy of 79.3 for men and 84.7 for women. </b>The average for the UK is 78.2 for men and 82.3 for women</b>
29UD	E07000107	Dartford	77.0	79.0	1.4	81.3	81.2	0.0	To compare, Switzerland has a life expectancy of 79.3 for men and 84.7 for women. </b>The average for the UK is 78.2 for men and 82.3 for women</b>
29UC	E07000106	Canterbury	77.0	79.0	1.2	81.3	82.7	1.2	To compare, Switzerland has a life expectancy of 79.3 for men and 84.7 for women. </b>The average for the UK is 78.2 for men and 82.3 for women</b>
26UK	E07000103	Watford	77.0	79.0	1.6	81.3	81.6	0.8	To compare, Switzerland has a life expectancy of 79.3 for men and 84.7 for women. </b>The average for the UK is 78.2 for men and 82.3 for women</b>
22UB	E07000066	Basildon	77.0	79.0	1.5	81.3	82.6	1.5	To compare, Switzerland has a life expectancy of 79.3 for men and 84.7 for women. </b>The average for the UK is 78.2 for men and 82.3 for women</b>
38UC	E07000178	Oxford	77.0	78.9	1.5	81.3	83.2	1.4	To compare, Switzerland has a life expectancy of 79.3 for men and 84.7 for women. </b>The average for the UK is 78.2 for men and 82.3 for women</b>
38UB	E07000177	Cherwell	77.0	78.9	0.3	81.3	83.6	0.9	To compare, Switzerland has a life expectancy of 79.3 for men and 84.7 for women. </b>The average for the UK is 78.2 for men and 82.3 for women</b>
24UL	E07000092	Rushmoor	77.0	78.9	0.4	81.3	83.7	1.4	To compare, Switzerland has a life expectancy of 79.3 for men and 84.7 for women. </b>The average for the UK is 78.2 for men and 82.3 for women</b>
17UK	E07000039	South Derbyshire	77.0	78.9	1.0	81.3	82.3	0.7	To compare, Switzerland has a life expectancy of 79.3 for men and 84.7 for women. </b>The average for the UK is 78.2 for men and 82.3 for women</b>
00PD	W06000014	The Vale of Glamorgan / Bro Morgannwg	77.0	78.9	1.2	81.3	82.8	1.6	To compare, Switzerland has a life expectancy of 79.3 for men and 84.7 for women. </b>The average for the UK is 78.2 for men and 82.3 for women</b>
00KB	E06000055	Bedford UA	77.0	78.9	1.2	81.3	82.6	0.8	To compare, Switzerland has a life expectancy of 79.3 for men and 84.7 for women. </b>The average for the UK is 78.2 for men and 82.3 for women</b>
44UD	E07000220	Rugby	77.0	78.8	1.3	81.3	82.7	1.8	To compare, Switzerland has a life expectancy of 79.3 for men and 84.7 for women. </b>The average for the UK is 78.2 for men and 82.3 for women</b>
41UD	E07000194	Lichfield	77.0	78.8	0.8	81.3	81.8	0.9	To compare, Switzerland has a life expectancy of 79.3 for men and 84.7 for women. </b>The average for the UK is 78.2 for men and 82.3 for women</b>
32UF	E07000140	South Holland	77.0	78.8	1.1	81.3	82.5	0.7	To compare, Switzerland has a life expectancy of 79.3 for men and 84.7 for women. </b>The average for the UK is 78.2 for men and 82.3 for women</b>
29UL	E07000112	Shepway	77.0	78.8	1.6	81.3	83.3	2.0	To compare, Switzerland has a life expectancy of 79.3 for men and 84.7 for women. </b>The average for the UK is 78.2 for men and 82.3 for women</b>
12UB	E07000008	Cambridge	77.0	78.8	1.1	81.3	83.2	1.1	To compare, Switzerland has a life expectancy of 79.3 for men and 84.7 for women. </b>The average for the UK is 78.2 for men and 82.3 for women</b>
00GG	E06000051	Shropshire	77.0	78.8	0.9	81.3	82.9	0.2	To compare, Switzerland has a life expectancy of 79.3 for men and 84.7 for women. </b>The average for the UK is 78.2 for men and 82.3 for women</b>
00BU	E08000009	Trafford	77.0	78.8	1.1	81.3	83.1	1.7	To compare, Switzerland has a life expectancy of 79.3 for men and 84.7 for women. </b>The average for the UK is 78.2 for men and 82.3 for women</b>
00AR	E09000016	Havering	77.0	78.8	0.6	81.3	83.4	1.4	To compare, Switzerland has a life expectancy of 79.3 for men and 84.7 for women. </b>The average for the UK is 78.2 for men and 82.3 for women</b>
00AJ	E09000009	Ealing	77.0	78.8	1.2	81.3	83.5	1.4	To compare, Switzerland has a life expectancy of 79.3 for men and 84.7 for women. </b>The average for the UK is 78.2 for men and 82.3 for women</b>
17	E10000007	Derbyshire	77.0	78.8	1.2	81.3	82.5	1.5	To compare, Switzerland has a life expectancy of 79.3 for men and 84.7 for women. </b>The average for the UK is 78.2 for men and 82.3 for women</b>
95R	95R	Down	77.0	78.7	0.9	81.3	82.0	1.0	To compare, Switzerland has a life expectancy of 79.3 for men and 84.7 for women. </b>The average for the UK is 78.2 for men and 82.3 for women</b>
95E	95E	Moyle	77.0	78.7	1.9	81.3	81.2	-0.5	To compare, Switzerland has a life expectancy of 79.3 for men and 84.7 for women. </b>The average for the UK is 78.2 for men and 82.3 for women</b>
41UK	E07000199	Tamworth	77.0	78.7	0.6	81.3	82.7	2.2	To compare, Switzerland has a life expectancy of 79.3 for men and 84.7 for women. </b>The average for the UK is 78.2 for men and 82.3 for women</b>
40UC	E07000188	Sedgemoor	77.0	78.7	0.7	81.3	83.5	0.8	To compare, Switzerland has a life expectancy of 79.3 for men and 84.7 for women. </b>The average for the UK is 78.2 for men and 82.3 for women</b>
00MS	E06000045	Southampton UA	77.0	78.7	2.0	81.3	82.7	1.0	To compare, Switzerland has a life expectancy of 79.3 for men and 84.7 for women. </b>The average for the UK is 78.2 for men and 82.3 for women</b>
00EM	E06000048	Northumberland	77.0	78.7	1.4	81.3	82.2	1.1	To compare, Switzerland has a life expectancy of 79.3 for men and 84.7 for women. </b>The average for the UK is 78.2 for men and 82.3 for women</b>
00BS	E08000007	Stockport	77.0	78.7	1.5	81.3	82.7	0.8	To compare, Switzerland has a life expectancy of 79.3 for men and 84.7 for women. </b>The average for the UK is 78.2 for men and 82.3 for women</b>
00AS	E09000017	Hillingdon	77.0	78.7	1.4	81.3	83.7	1.4	To compare, Switzerland has a life expectancy of 79.3 for men and 84.7 for women. </b>The average for the UK is 78.2 for men and 82.3 for women</b>
32	E10000019	Lincolnshire 	77.0	78.7	1.3	81.3	82.4	0.8	To compare, Switzerland has a life expectancy of 79.3 for men and 84.7 for women. </b>The average for the UK is 78.2 for men and 82.3 for women</b>
	E92000001	ENGLAND	77.0	78.6	1.3	81.3	82.6	1.0	To compare, Switzerland has a life expectancy of 79.3 for men and 84.7 for women. </b>The average for the UK is 78.2 for men and 82.3 for women</b>
47UG	E07000239	Wyre Forest	77.0	78.6	1.0	81.3	82.8	1.2	To compare, Switzerland has a life expectancy of 79.3 for men and 84.7 for women. </b>The average for the UK is 78.2 for men and 82.3 for women</b>
36UE	E07000166	Richmondshire	77.0	78.6	0.0	81.3	82.9	1.5	To compare, Switzerland has a life expectancy of 79.3 for men and 84.7 for women. </b>The average for the UK is 78.2 for men and 82.3 for women</b>
18UE	E07000043	North Devon	77.0	78.6	0.7	81.3	83.5	1.3	To compare, Switzerland has a life expectancy of 79.3 for men and 84.7 for women. </b>The average for the UK is 78.2 for men and 82.3 for women</b>
17UB	E07000032	Amber Valley	77.0	78.6	0.9	81.3	82.1	0.7	To compare, Switzerland has a life expectancy of 79.3 for men and 84.7 for women. </b>The average for the UK is 78.2 for men and 82.3 for women</b>
00KG	E06000034	Thurrock UA	77.0	78.6	0.9	81.3	82.6	1.1	To compare, Switzerland has a life expectancy of 79.3 for men and 84.7 for women. </b>The average for the UK is 78.2 for men and 82.3 for women</b>
00HX	E06000030	Swindon UA	77.0	78.6	1.1	81.3	83.0	1.8	To compare, Switzerland has a life expectancy of 79.3 for men and 84.7 for women. </b>The average for the UK is 78.2 for men and 82.3 for women</b>
34	E10000021	Northamptonshire 	77.0	78.6	1.1	81.3	82.6	1.1	To compare, Switzerland has a life expectancy of 79.3 for men and 84.7 for women. </b>The average for the UK is 78.2 for men and 82.3 for women</b>
	K04000001	ENGLAND AND WALES	77.0	78.5	1.3	81.3	82.5	1.0	To compare, Switzerland has a life expectancy of 79.3 for men and 84.7 for women. </b>The average for the UK is 78.2 for men and 82.3 for women</b>
95X	95X	Ards	77.0	78.5	1.3	81.3	82.3	1.2	To compare, Switzerland has a life expectancy of 79.3 for men and 84.7 for women. </b>The average for the UK is 78.2 for men and 82.3 for women</b>
34UE	E07000153	Kettering	77.0	78.5	1.2	81.3	82.0	0.8	To compare, Switzerland has a life expectancy of 79.3 for men and 84.7 for women. </b>The average for the UK is 78.2 for men and 82.3 for women</b>
29UG	E07000109	Gravesham	77.0	78.5	0.2	81.3	82.8	1.2	To compare, Switzerland has a life expectancy of 79.3 for men and 84.7 for women. </b>The average for the UK is 78.2 for men and 82.3 for women</b>
00AG	E09000007	Camden	77.0	78.5	2.3	81.3	83.8	2.3	To compare, Switzerland has a life expectancy of 79.3 for men and 84.7 for women. </b>The average for the UK is 78.2 for men and 82.3 for women</b>
37	E10000024	Nottinghamshire	77.0	78.5	1.0	81.3	82.3	0.9	To compare, Switzerland has a life expectancy of 79.3 for men and 84.7 for women. </b>The average for the UK is 78.2 for men and 82.3 for women</b>
	E12000004	EAST MIDLANDS	77.0	78.4	1.1	81.3	82.4	1.1	To compare, Switzerland has a life expectancy of 79.3 for men and 84.7 for women. </b>The average for the UK is 78.2 for men and 82.3 for women</b>
95G	95G	Ballymena	77.0	78.4	0.9	81.3	82.7	0.4	To compare, Switzerland has a life expectancy of 79.3 for men and 84.7 for women. </b>The average for the UK is 78.2 for men and 82.3 for women</b>
41UH	E07000198	Staffordshire Moorlands	77.0	78.4	0.9	81.3	82.6	1.3	To compare, Switzerland has a life expectancy of 79.3 for men and 84.7 for women. </b>The average for the UK is 78.2 for men and 82.3 for women</b>
30UQ	E07000128	Wyre	77.0	78.4	1.6	81.3	82.4	1.2	To compare, Switzerland has a life expectancy of 79.3 for men and 84.7 for women. </b>The average for the UK is 78.2 for men and 82.3 for women</b>
29UE	E07000108	Dover	77.0	78.4	0.9	81.3	82.4	0.7	To compare, Switzerland has a life expectancy of 79.3 for men and 84.7 for women. </b>The average for the UK is 78.2 for men and 82.3 for women</b>
41	E10000028	Staffordshire	77.0	78.4	1.2	81.3	82.5	1.3	To compare, Switzerland has a life expectancy of 79.3 for men and 84.7 for women. </b>The average for the UK is 78.2 for men and 82.3 for women</b>
95D	95D	Ballymoney	77.0	78.3	0.3	81.3	82.2	-0.2	To compare, Switzerland has a life expectancy of 79.3 for men and 84.7 for women. </b>The average for the UK is 78.2 for men and 82.3 for women</b>
41UE	E07000195	Newcastle-under-Lyme	77.0	78.3	1.4	81.3	81.8	0.3	To compare, Switzerland has a life expectancy of 79.3 for men and 84.7 for women. </b>The average for the UK is 78.2 for men and 82.3 for women</b>
36UG	E07000168	Scarborough	77.0	78.3	2.3	81.3	82.2	1.0	To compare, Switzerland has a life expectancy of 79.3 for men and 84.7 for women. </b>The average for the UK is 78.2 for men and 82.3 for women</b>
26UH	E07000101	Stevenage	77.0	78.3	0.6	81.3	82.9	0.8	To compare, Switzerland has a life expectancy of 79.3 for men and 84.7 for women. </b>The average for the UK is 78.2 for men and 82.3 for women</b>
21UC	E07000061	Eastbourne	77.0	78.3	1.1	81.3	83.5	1.9	To compare, Switzerland has a life expectancy of 79.3 for men and 84.7 for women. </b>The average for the UK is 78.2 for men and 82.3 for women</b>
00QN	S12000011	East Renfrewshire	77.0	78.3	1.1	81.3	82.3	0.4	To compare, Switzerland has a life expectancy of 79.3 for men and 84.7 for women. </b>The average for the UK is 78.2 for men and 82.3 for women</b>
00HH	E06000027	Torbay UA	77.0	78.3	1.4	81.3	82.5	-0.3	To compare, Switzerland has a life expectancy of 79.3 for men and 84.7 for women. </b>The average for the UK is 78.2 for men and 82.3 for women</b>
00EE	E06000003	Redcar and Cleveland UA	77.0	78.3	2.3	81.3	82.0	1.5	To compare, Switzerland has a life expectancy of 79.3 for men and 84.7 for women. </b>The average for the UK is 78.2 for men and 82.3 for women</b>
00AT	E09000018	Hounslow	77.0	78.3	1.6	81.3	82.2	1.6	To compare, Switzerland has a life expectancy of 79.3 for men and 84.7 for women. </b>The average for the UK is 78.2 for men and 82.3 for women</b>
16	E10000006	Cumbria 	77.0	78.3	1.3	81.3	82.1	0.6	To compare, Switzerland has a life expectancy of 79.3 for men and 84.7 for women. </b>The average for the UK is 78.2 for men and 82.3 for women</b>
	K02000001	UNITED KINGDOM	77.0	78.2	1.2	81.3	82.3	1.0	To compare, Switzerland has a life expectancy of 79.3 for men and 84.7 for women. </b>The average for the UK is 78.2 for men and 82.3 for women</b>
95Q	95Q	Banbridge	77.0	78.2	0.2	81.3	82.3	-0.2	To compare, Switzerland has a life expectancy of 79.3 for men and 84.7 for women. </b>The average for the UK is 78.2 for men and 82.3 for women</b>
42UD	E07000202	Ipswich	77.0	78.2	0.4	81.3	82.5	0.5	To compare, Switzerland has a life expectancy of 79.3 for men and 84.7 for women. </b>The average for the UK is 78.2 for men and 82.3 for women</b>
00QB	S12000034	Aberdeenshire	77.0	78.2	1.2	81.3	81.7	0.5	To compare, Switzerland has a life expectancy of 79.3 for men and 84.7 for women. </b>The average for the UK is 78.2 for men and 82.3 for women</b>
00NJ	W06000005	Flintshire / Sir y Fflint	77.0	78.2	1.5	81.3	82.1	0.9	To compare, Switzerland has a life expectancy of 79.3 for men and 84.7 for women. </b>The average for the UK is 78.2 for men and 82.3 for women</b>
00BJ	E09000032	Wandsworth	77.0	78.2	1.6	81.3	82.7	1.5	To compare, Switzerland has a life expectancy of 79.3 for men and 84.7 for women. </b>The average for the UK is 78.2 for men and 82.3 for women</b>
00BE	E09000028	Southwark	77.0	78.2	1.6	81.3	83.4	1.8	To compare, Switzerland has a life expectancy of 79.3 for men and 84.7 for women. </b>The average for the UK is 78.2 for men and 82.3 for women</b>
95Y	95Y	Castlereagh	77.0	78.1	0.1	81.3	82.6	0.6	To compare, Switzerland has a life expectancy of 79.3 for men and 84.7 for women. </b>The average for the UK is 78.2 for men and 82.3 for women</b>
95T	95T	Antrim	77.0	78.1	1.5	81.3	81.2	0.4	To compare, Switzerland has a life expectancy of 79.3 for men and 84.7 for women. </b>The average for the UK is 78.2 for men and 82.3 for women</b>
00NG	W06000004	Denbighshire / Sir Ddinbych	77.0	78.1	1.4	81.3	81.3	0.4	To compare, Switzerland has a life expectancy of 79.3 for men and 84.7 for women. </b>The average for the UK is 78.2 for men and 82.3 for women</b>
00MG	E06000042	Milton Keynes UA	77.0	78.1	0.8	81.3	82.2	1.3	To compare, Switzerland has a life expectancy of 79.3 for men and 84.7 for women. </b>The average for the UK is 78.2 for men and 82.3 for women</b>
00CR	E08000027	Dudley 	77.0	78.1	1.5	81.3	82.5	1.2	To compare, Switzerland has a life expectancy of 79.3 for men and 84.7 for women. </b>The average for the UK is 78.2 for men and 82.3 for women</b>
00CG	E08000019	Sheffield	77.0	78.1	1.1	81.3	81.8	0.6	To compare, Switzerland has a life expectancy of 79.3 for men and 84.7 for women. </b>The average for the UK is 78.2 for men and 82.3 for women</b>
95U	95U	Newtownabbey	77.0	78.0	0.0	81.3	81.9	0.4	To compare, Switzerland has a life expectancy of 79.3 for men and 84.7 for women. </b>The average for the UK is 78.2 for men and 82.3 for women</b>
95S	95S	Lisburn	77.0	78.0	1.7	81.3	81.6	0.1	To compare, Switzerland has a life expectancy of 79.3 for men and 84.7 for women. </b>The average for the UK is 78.2 for men and 82.3 for women</b>
47UD	E07000236	Redditch	77.0	78.0	1.2	81.3	82.6	2.3	To compare, Switzerland has a life expectancy of 79.3 for men and 84.7 for women. </b>The average for the UK is 78.2 for men and 82.3 for women</b>
37UG	E07000175	Newark and Sherwood	77.0	78.0	0.3	81.3	82.7	1.4	To compare, Switzerland has a life expectancy of 79.3 for men and 84.7 for women. </b>The average for the UK is 78.2 for men and 82.3 for women</b>
37UC	E07000171	Bassetlaw	77.0	78.0	1.3	81.3	81.3	1.0	To compare, Switzerland has a life expectancy of 79.3 for men and 84.7 for women. </b>The average for the UK is 78.2 for men and 82.3 for women</b>
33UD	E07000145	Great Yarmouth	77.0	78.0	1.2	81.3	81.8	0.4	To compare, Switzerland has a life expectancy of 79.3 for men and 84.7 for women. </b>The average for the UK is 78.2 for men and 82.3 for women</b>
30UP	E07000127	West Lancashire	77.0	78.0	1.6	81.3	81.3	0.7	To compare, Switzerland has a life expectancy of 79.3 for men and 84.7 for women. </b>The average for the UK is 78.2 for men and 82.3 for women</b>
23UE	E07000081	Gloucester	77.0	78.0	0.7	81.3	82.4	1.0	To compare, Switzerland has a life expectancy of 79.3 for men and 84.7 for women. </b>The average for the UK is 78.2 for men and 82.3 for women</b>
22UJ	E07000073	Harlow	77.0	78.0	0.7	81.3	82.9	-0.1	To compare, Switzerland has a life expectancy of 79.3 for men and 84.7 for women. </b>The average for the UK is 78.2 for men and 82.3 for women</b>
00HN	E06000028	Bournemouth UA	77.0	78.0	0.2	81.3	82.6	0.7	To compare, Switzerland has a life expectancy of 79.3 for men and 84.7 for women. </b>The average for the UK is 78.2 for men and 82.3 for women</b>
00EU	E06000007	Warrington UA	77.0	78.0	1.8	81.3	81.6	0.6	To compare, Switzerland has a life expectancy of 79.3 for men and 84.7 for women. </b>The average for the UK is 78.2 for men and 82.3 for women</b>
	E12000005	WEST MIDLANDS	77.0	77.9	1.3	81.3	82.2	1.1	To compare, Switzerland has a life expectancy of 79.3 for men and 84.7 for women. </b>The average for the UK is 78.2 for men and 82.3 for women</b>
44UB	E07000218	North Warwickshire	77.0	77.9	0.2	81.3	82.2	1.4	To compare, Switzerland has a life expectancy of 79.3 for men and 84.7 for women. </b>The average for the UK is 78.2 for men and 82.3 for women</b>
32UC	E07000137	East Lindsey	77.0	77.9	0.6	81.3	81.6	0.1	To compare, Switzerland has a life expectancy of 79.3 for men and 84.7 for women. </b>The average for the UK is 78.2 for men and 82.3 for women</b>
29UM	E07000113	Swale	77.0	77.9	1.0	81.3	81.4	0.4	To compare, Switzerland has a life expectancy of 79.3 for men and 84.7 for women. </b>The average for the UK is 78.2 for men and 82.3 for women</b>
00MC	E06000038	Reading UA	77.0	77.9	0.9	81.3	82.8	1.1	To compare, Switzerland has a life expectancy of 79.3 for men and 84.7 for women. </b>The average for the UK is 78.2 for men and 82.3 for women</b>
00KF	E06000033	Southend-on-Sea UA	77.0	77.9	0.7	81.3	82.0	1.2	To compare, Switzerland has a life expectancy of 79.3 for men and 84.7 for women. </b>The average for the UK is 78.2 for men and 82.3 for women</b>
00FK	E06000015	Derby	77.0	77.9	1.0	81.3	81.9	0.1	To compare, Switzerland has a life expectancy of 79.3 for men and 84.7 for women. </b>The average for the UK is 78.2 for men and 82.3 for women</b>
00DA	E08000035	Leeds 	77.0	77.9	1.2	81.3	82.2	0.6	To compare, Switzerland has a life expectancy of 79.3 for men and 84.7 for women. </b>The average for the UK is 78.2 for men and 82.3 for women</b>
33UG	E07000148	Norwich	77.0	77.8	1.1	81.3	83.5	0.9	To compare, Switzerland has a life expectancy of 79.3 for men and 84.7 for women. </b>The average for the UK is 78.2 for men and 82.3 for women</b>
19UJ	E07000053	Weymouth and Portland	77.0	77.8	0.0	81.3	83.0	0.9	To compare, Switzerland has a life expectancy of 79.3 for men and 84.7 for women. </b>The average for the UK is 78.2 for men and 82.3 for women</b>
16UE	E07000029	Copeland	77.0	77.8	1.3	81.3	80.7	0.1	To compare, Switzerland has a life expectancy of 79.3 for men and 84.7 for women. </b>The average for the UK is 78.2 for men and 82.3 for women</b>
00RG	S12000030	Stirling	77.0	77.8	1.2	81.3	81.9	1.3	To compare, Switzerland has a life expectancy of 79.3 for men and 84.7 for women. </b>The average for the UK is 78.2 for men and 82.3 for women</b>
00PT	W06000015	Cardiff / Caerdydd	77.0	77.8	1.2	81.3	81.9	0.6	To compare, Switzerland has a life expectancy of 79.3 for men and 84.7 for women. </b>The average for the UK is 78.2 for men and 82.3 for women</b>
00NS	W06000009	Pembrokeshire / Sir Benfro	77.0	77.8	1.3	81.3	82.1	0.6	To compare, Switzerland has a life expectancy of 79.3 for men and 84.7 for women. </b>The average for the UK is 78.2 for men and 82.3 for women</b>
00NE	W06000003	Conwy / Conwy	77.0	77.8	1.3	81.3	81.5	0.3	To compare, Switzerland has a life expectancy of 79.3 for men and 84.7 for women. </b>The average for the UK is 78.2 for men and 82.3 for women</b>
00MR	E06000044	Portsmouth UA	77.0	77.8	1.5	81.3	82.9	1.3	To compare, Switzerland has a life expectancy of 79.3 for men and 84.7 for women. </b>The average for the UK is 78.2 for men and 82.3 for women</b>
00FD	E06000013	North Lincolnshire UA	77.0	77.8	1.0	81.3	82.1	1.2	To compare, Switzerland has a life expectancy of 79.3 for men and 84.7 for women. </b>The average for the UK is 78.2 for men and 82.3 for women</b>
	E12000003	YORKSHIRE AND THE HUMBER	77.0	77.7	1.1	81.3	81.8	0.8	To compare, Switzerland has a life expectancy of 79.3 for men and 84.7 for women. </b>The average for the UK is 78.2 for men and 82.3 for women</b>
95L	95L	Fermanagh	77.0	77.7	2.6	81.3	82.5	2.2	To compare, Switzerland has a life expectancy of 79.3 for men and 84.7 for women. </b>The average for the UK is 78.2 for men and 82.3 for women</b>
47UE	E07000237	Worcester	77.0	77.7	0.0	81.3	82.4	0.9	To compare, Switzerland has a life expectancy of 79.3 for men and 84.7 for women. </b>The average for the UK is 78.2 for men and 82.3 for women</b>
16UC	E07000027	Barrow-in-Furness	77.0	77.7	2.4	81.3	81.3	0.6	To compare, Switzerland has a life expectancy of 79.3 for men and 84.7 for women. </b>The average for the UK is 78.2 for men and 82.3 for women</b>
00ML	E06000043	Brighton and Hove UA	77.0	77.7	1.5	81.3	83.2	1.4	To compare, Switzerland has a life expectancy of 79.3 for men and 84.7 for women. </b>The average for the UK is 78.2 for men and 82.3 for women</b>
00KA	E06000032	Luton UA	77.0	77.7	1.7	81.3	80.9	1.0	To compare, Switzerland has a life expectancy of 79.3 for men and 84.7 for women. </b>The average for the UK is 78.2 for men and 82.3 for women</b>
	W92000004	WALES	77.0	77.6	1.0	81.3	81.8	0.8	To compare, Switzerland has a life expectancy of 79.3 for men and 84.7 for women. </b>The average for the UK is 78.2 for men and 82.3 for women</b>
95C	95C	Coleraine	77.0	77.6	0.3	81.3	82.3	0.8	To compare, Switzerland has a life expectancy of 79.3 for men and 84.7 for women. </b>The average for the UK is 78.2 for men and 82.3 for women</b>
45UH	E07000229	Worthing	77.0	77.6	0.4	81.3	82.5	1.2	To compare, Switzerland has a life expectancy of 79.3 for men and 84.7 for women. </b>The average for the UK is 78.2 for men and 82.3 for women</b>
34UF	E07000154	Northampton	77.0	77.6	0.7	81.3	82.5	1.2	To compare, Switzerland has a life expectancy of 79.3 for men and 84.7 for women. </b>The average for the UK is 78.2 for men and 82.3 for women</b>
30UE	E07000118	Chorley	77.0	77.6	0.9	81.3	81.4	0.6	To compare, Switzerland has a life expectancy of 79.3 for men and 84.7 for women. </b>The average for the UK is 78.2 for men and 82.3 for women</b>
16UB	E07000026	Allerdale	77.0	77.6	1.0	81.3	81.7	1.1	To compare, Switzerland has a life expectancy of 79.3 for men and 84.7 for women. </b>The average for the UK is 78.2 for men and 82.3 for women</b>
00QC	S12000041	Angus	77.0	77.6	1.4	81.3	80.3	0.6	To compare, Switzerland has a life expectancy of 79.3 for men and 84.7 for women. </b>The average for the UK is 78.2 for men and 82.3 for women</b>
00NU	W06000010	Carmarthenshire / Sir Gaerfyrddin	77.0	77.6	1.8	81.3	81.7	0.6	To compare, Switzerland has a life expectancy of 79.3 for men and 84.7 for women. </b>The average for the UK is 78.2 for men and 82.3 for women</b>
00NL	W06000006	Wrexham / Wrecsam	77.0	77.6	0.7	81.3	81.6	1.1	To compare, Switzerland has a life expectancy of 79.3 for men and 84.7 for women. </b>The average for the UK is 78.2 for men and 82.3 for women</b>
00LC	E06000035	Medway UA	77.0	77.6	1.2	81.3	81.7	0.9	To compare, Switzerland has a life expectancy of 79.3 for men and 84.7 for women. </b>The average for the UK is 78.2 for men and 82.3 for women</b>
00HG	E06000026	Plymouth UA	77.0	77.6	1.2	81.3	82.0	0.3	To compare, Switzerland has a life expectancy of 79.3 for men and 84.7 for women. </b>The average for the UK is 78.2 for men and 82.3 for women</b>
00EF	E06000004	Stockton-on-Tees UA	77.0	77.6	1.7	81.3	81.8	1.6	To compare, Switzerland has a life expectancy of 79.3 for men and 84.7 for women. </b>The average for the UK is 78.2 for men and 82.3 for women</b>
95M	95M	Dungannon	77.0	77.5	2.9	81.3	81.0	0.4	To compare, Switzerland has a life expectancy of 79.3 for men and 84.7 for women. </b>The average for the UK is 78.2 for men and 82.3 for women</b>
44UC	E07000219	Nuneaton and Bedworth	77.0	77.5	1.3	81.3	81.9	1.8	To compare, Switzerland has a life expectancy of 79.3 for men and 84.7 for women. </b>The average for the UK is 78.2 for men and 82.3 for women</b>
12UD	E07000010	Fenland	77.0	77.5	0.1	81.3	82.4	1.8	To compare, Switzerland has a life expectancy of 79.3 for men and 84.7 for women. </b>The average for the UK is 78.2 for men and 82.3 for women</b>
00QE	S12000026	Scottish Borders 	77.0	77.5	1.0	81.3	81.2	0.7	To compare, Switzerland has a life expectancy of 79.3 for men and 84.7 for women. </b>The average for the UK is 78.2 for men and 82.3 for women</b>
00PM	W06000020	Torfaen / Tor-faen	77.0	77.5	0.1	81.3	81.8	0.5	To compare, Switzerland has a life expectancy of 79.3 for men and 84.7 for women. </b>The average for the UK is 78.2 for men and 82.3 for women</b>
00JA	E06000031	Peterborough UA	77.0	77.5	0.8	81.3	81.9	1.2	To compare, Switzerland has a life expectancy of 79.3 for men and 84.7 for women. </b>The average for the UK is 78.2 for men and 82.3 for women</b>
00HB	E06000023	Bristol, City of UA	77.0	77.5	0.6	81.3	82.2	1.1	To compare, Switzerland has a life expectancy of 79.3 for men and 84.7 for women. </b>The average for the UK is 78.2 for men and 82.3 for women</b>
00GF	E06000020	Telford and Wrekin UA	77.0	77.5	0.5	81.3	82.1	1.3	To compare, Switzerland has a life expectancy of 79.3 for men and 84.7 for women. </b>The average for the UK is 78.2 for men and 82.3 for women</b>
00BM	E08000002	Bury	77.0	77.5	1.5	81.3	81.2	1.0	To compare, Switzerland has a life expectancy of 79.3 for men and 84.7 for women. </b>The average for the UK is 78.2 for men and 82.3 for women</b>
30	E10000017	Lancashire	77.0	77.5	1.1	81.3	81.5	0.8	To compare, Switzerland has a life expectancy of 79.3 for men and 84.7 for women. </b>The average for the UK is 78.2 for men and 82.3 for women</b>
	E11000003	South Yorkshire (Met County)	77.0	77.4	1.2	81.3	81.3	0.7	To compare, Switzerland has a life expectancy of 79.3 for men and 84.7 for women. </b>The average for the UK is 78.2 for men and 82.3 for women</b>
95V	95V	Carrickfergus	77.0	77.4	0.2	81.3	81.8	0.6	To compare, Switzerland has a life expectancy of 79.3 for men and 84.7 for women. </b>The average for the UK is 78.2 for men and 82.3 for women</b>
95J	95J	Strabane	77.0	77.4	0.9	81.3	80.9	-0.7	To compare, Switzerland has a life expectancy of 79.3 for men and 84.7 for women. </b>The average for the UK is 78.2 for men and 82.3 for women</b>
41UC	E07000193	East Staffordshire	77.0	77.4	0.6	81.3	83.0	2.2	To compare, Switzerland has a life expectancy of 79.3 for men and 84.7 for women. </b>The average for the UK is 78.2 for men and 82.3 for women</b>
30UJ	E07000122	Pendle	77.0	77.4	1.8	81.3	81.4	1.0	To compare, Switzerland has a life expectancy of 79.3 for men and 84.7 for women. </b>The average for the UK is 78.2 for men and 82.3 for women</b>
30UH	E07000121	Lancaster	77.0	77.4	1.0	81.3	81.3	0.1	To compare, Switzerland has a life expectancy of 79.3 for men and 84.7 for women. </b>The average for the UK is 78.2 for men and 82.3 for women</b>
00BH	E09000031	Waltham Forest	77.0	77.4	2.2	81.3	81.9	1.2	To compare, Switzerland has a life expectancy of 79.3 for men and 84.7 for women. </b>The average for the UK is 78.2 for men and 82.3 for women</b>
00AP	E09000014	Haringey	77.0	77.4	1.4	81.3	83.7	1.6	To compare, Switzerland has a life expectancy of 79.3 for men and 84.7 for women. </b>The average for the UK is 78.2 for men and 82.3 for women</b>
00AM	E09000012	Hackney 	77.0	77.4	2.4	81.3	83.0	1.3	To compare, Switzerland has a life expectancy of 79.3 for men and 84.7 for women. </b>The average for the UK is 78.2 for men and 82.3 for women</b>
	E11000006	West Yorkshire (Met County)	77.0	77.3	1.1	81.3	81.5	0.7	To compare, Switzerland has a life expectancy of 79.3 for men and 84.7 for women. </b>The average for the UK is 78.2 for men and 82.3 for women</b>
95K	95K	Omagh	77.0	77.3	0.8	81.3	82.8	0.9	To compare, Switzerland has a life expectancy of 79.3 for men and 84.7 for women. </b>The average for the UK is 78.2 for men and 82.3 for women</b>
41UB	E07000192	Cannock Chase	77.0	77.3	1.7	81.3	81.7	0.9	To compare, Switzerland has a life expectancy of 79.3 for men and 84.7 for women. </b>The average for the UK is 78.2 for men and 82.3 for women</b>
37UF	E07000174	Mansfield	77.0	77.3	1.4	81.3	80.9	0.3	To compare, Switzerland has a life expectancy of 79.3 for men and 84.7 for women. </b>The average for the UK is 78.2 for men and 82.3 for women</b>
32UB	E07000136	Boston	77.0	77.3	1.3	81.3	81.4	0.2	To compare, Switzerland has a life expectancy of 79.3 for men and 84.7 for women. </b>The average for the UK is 78.2 for men and 82.3 for women</b>
21UD	E07000062	Hastings	77.0	77.3	1.8	81.3	80.8	0.7	To compare, Switzerland has a life expectancy of 79.3 for men and 84.7 for women. </b>The average for the UK is 78.2 for men and 82.3 for women</b>
16UD	E07000028	Carlisle	77.0	77.3	1.1	81.3	81.6	0.4	To compare, Switzerland has a life expectancy of 79.3 for men and 84.7 for women. </b>The average for the UK is 78.2 for men and 82.3 for women</b>
00RA	S12000023	Orkney Islands	77.0	77.3	1.3	81.3	81.4	0.4	To compare, Switzerland has a life expectancy of 79.3 for men and 84.7 for women. </b>The average for the UK is 78.2 for men and 82.3 for women</b>
00QM	S12000010	East Lothian	77.0	77.3	1.0	81.3	81.2	0.5	To compare, Switzerland has a life expectancy of 79.3 for men and 84.7 for women. </b>The average for the UK is 78.2 for men and 82.3 for women</b>
00NX	W06000011	Swansea / Abertawe	77.0	77.3	0.9	81.3	82.1	1.1	To compare, Switzerland has a life expectancy of 79.3 for men and 84.7 for women. </b>The average for the UK is 78.2 for men and 82.3 for women</b>
00NC	W06000002	Gwynedd / Gwynedd	77.0	77.3	0.5	81.3	82.0	0.4	To compare, Switzerland has a life expectancy of 79.3 for men and 84.7 for women. </b>The average for the UK is 78.2 for men and 82.3 for women</b>
00CK	E08000022	North Tyneside	77.0	77.3	1.1	81.3	81.1	0.5	To compare, Switzerland has a life expectancy of 79.3 for men and 84.7 for women. </b>The average for the UK is 78.2 for men and 82.3 for women</b>
	E12000001	NORTH EAST	77.0	77.2	1.4	81.3	81.2	1.1	To compare, Switzerland has a life expectancy of 79.3 for men and 84.7 for women. </b>The average for the UK is 78.2 for men and 82.3 for women</b>
	E11000005	West Midlands (Met County)	77.0	77.2	1.5	81.3	81.7	1.0	To compare, Switzerland has a life expectancy of 79.3 for men and 84.7 for women. </b>The average for the UK is 78.2 for men and 82.3 for women</b>
32UD	E07000138	Lincoln	77.0	77.2	1.0	81.3	81.3	1.4	To compare, Switzerland has a life expectancy of 79.3 for men and 84.7 for women. </b>The average for the UK is 78.2 for men and 82.3 for women</b>
00RD	S12000027	Shetland Islands	77.0	77.2	0.6	81.3	80.7	-0.8	To compare, Switzerland has a life expectancy of 79.3 for men and 84.7 for women. </b>The average for the UK is 78.2 for men and 82.3 for women</b>
00QP	S12000036	Edinburgh, City of	77.0	77.2	1.4	81.3	81.8	0.9	To compare, Switzerland has a life expectancy of 79.3 for men and 84.7 for women. </b>The average for the UK is 78.2 for men and 82.3 for women</b>
00CQ	E08000026	Coventry	77.0	77.2	1.5	81.3	81.6	0.9	To compare, Switzerland has a life expectancy of 79.3 for men and 84.7 for women. </b>The average for the UK is 78.2 for men and 82.3 for women</b>
00NA	W06000001	Isle of Anglesey / Ynys MÃ´n	77.0	77.1	-0.1	81.3	81.7	-0.4	To compare, Switzerland has a life expectancy of 79.3 for men and 84.7 for women. </b>The average for the UK is 78.2 for men and 82.3 for women</b>
00CY	E08000033	Calderdale	77.0	77.1	1.1	81.3	81.5	0.1	To compare, Switzerland has a life expectancy of 79.3 for men and 84.7 for women. </b>The average for the UK is 78.2 for men and 82.3 for women</b>
00CF	E08000018	Rotherham 	77.0	77.1	1.3	81.3	81.0	0.6	To compare, Switzerland has a life expectancy of 79.3 for men and 84.7 for women. </b>The average for the UK is 78.2 for men and 82.3 for women</b>
0	N92000002	NORTHERN IRELAND 	77.0	77.1	0.9	81.3	81.5	0.5	To compare, Switzerland has a life expectancy of 79.3 for men and 84.7 for women. </b>The average for the UK is 78.2 for men and 82.3 for women</b>
	E12000002	NORTH WEST 	77.0	77.0	1.3	81.3	81.1	0.8	To compare, Switzerland has a life expectancy of 79.3 for men and 84.7 for women. </b>The average for the UK is 78.2 for men and 82.3 for women</b>
95N	95N	Craigavon	77.0	77.0	0.2	81.3	82.2	0.4	To compare, Switzerland has a life expectancy of 79.3 for men and 84.7 for women. </b>The average for the UK is 78.2 for men and 82.3 for women</b>
17UC	E07000033	Bolsover	77.0	77.0	1.0	81.3	80.8	0.7	To compare, Switzerland has a life expectancy of 79.3 for men and 84.7 for women. </b>The average for the UK is 78.2 for men and 82.3 for women</b>
00QD	S12000035	Argyll & Bute	77.0	77.0	1.2	81.3	80.9	0.3	To compare, Switzerland has a life expectancy of 79.3 for men and 84.7 for women. </b>The average for the UK is 78.2 for men and 82.3 for women</b>
00EJ	E06000047	County Durham	77.0	77.0	1.1	81.3	81.0	1.1	To compare, Switzerland has a life expectancy of 79.3 for men and 84.7 for women. </b>The average for the UK is 78.2 for men and 82.3 for women</b>
00EH	E06000005	Darlington UA	77.0	77.0	1.9	81.3	81.5	1.5	To compare, Switzerland has a life expectancy of 79.3 for men and 84.7 for women. </b>The average for the UK is 78.2 for men and 82.3 for women</b>
00DB	E08000036	Wakefield	77.0	77.0	1.1	81.3	81.1	0.8	To compare, Switzerland has a life expectancy of 79.3 for men and 84.7 for women. </b>The average for the UK is 78.2 for men and 82.3 for women</b>
00CZ	E08000034	Kirklees 	77.0	77.0	0.8	81.3	81.3	0.8	To compare, Switzerland has a life expectancy of 79.3 for men and 84.7 for women. </b>The average for the UK is 78.2 for men and 82.3 for women</b>
00CB	E08000015	Wirral	77.0	77.0	1.3	81.3	80.8	0.0	To compare, Switzerland has a life expectancy of 79.3 for men and 84.7 for women. </b>The average for the UK is 78.2 for men and 82.3 for women</b>
00CA	E08000014	Sefton	77.0	77.0	0.8	81.3	82.0	1.0	To compare, Switzerland has a life expectancy of 79.3 for men and 84.7 for women. </b>The average for the UK is 78.2 for men and 82.3 for women</b>
00AY	E09000022	Lambeth 	77.0	77.0	1.9	81.3	81.1	1.0	To compare, Switzerland has a life expectancy of 79.3 for men and 84.7 for women. </b>The average for the UK is 78.2 for men and 82.3 for women</b>
00AB	E09000002	Barking and Dagenham	77.0	77.0	1.0	81.3	81.1	1.2	To compare, Switzerland has a life expectancy of 79.3 for men and 84.7 for women. </b>The average for the UK is 78.2 for men and 82.3 for women</b>
37UB	E07000170	Ashfield	77.0	76.9	1.3	81.3	81.3	0.8	To compare, Albania has a life expectancy of 73.4 for men and 80.4 for women, the Occupied Palestinian territories has 70.6 for men and 74.8 for women. </b>The average for the UK is 78.2 for men and 82.3 for women</b>
17UD	E07000034	Chesterfield	77.0	76.9	0.2	81.3	82.6	2.0	To compare, Albania has a life expectancy of 73.4 for men and 80.4 for women, the Occupied Palestinian territories has 70.6 for men and 74.8 for women. </b>The average for the UK is 78.2 for men and 82.3 for women</b>
00QX	S12000020	Moray	77.0	76.9	1.1	81.3	81.3	1.4	To compare, Albania has a life expectancy of 73.4 for men and 80.4 for women, the Occupied Palestinian territories has 70.6 for men and 74.8 for women. </b>The average for the UK is 78.2 for men and 82.3 for women</b>
00CU	E08000030	Walsall	77.0	76.9	1.2	81.3	81.9	1.1	To compare, Albania has a life expectancy of 73.4 for men and 80.4 for women, the Occupied Palestinian territories has 70.6 for men and 74.8 for women. </b>The average for the UK is 78.2 for men and 82.3 for women</b>
00CL	E08000023	South Tyneside	77.0	76.9	1.7	81.3	80.9	0.8	To compare, Albania has a life expectancy of 73.4 for men and 80.4 for women, the Occupied Palestinian territories has 70.6 for men and 74.8 for women. </b>The average for the UK is 78.2 for men and 82.3 for women</b>
	E11000004	Tyne and Wear (Met County)	77.0	76.8	1.3	81.3	80.9	0.7	To compare, Albania has a life expectancy of 73.4 for men and 80.4 for women, the Occupied Palestinian territories has 70.6 for men and 74.8 for women. </b>The average for the UK is 78.2 for men and 82.3 for women</b>
95P	95P	Newry and Mourne	77.0	76.8	1.3	81.3	81.1	1.3	To compare, Albania has a life expectancy of 73.4 for men and 80.4 for women, the Occupied Palestinian territories has 70.6 for men and 74.8 for women. </b>The average for the UK is 78.2 for men and 82.3 for women</b>
95F	95F	Larne	77.0	76.8	1.1	81.3	80.9	-0.2	To compare, Albania has a life expectancy of 73.4 for men and 80.4 for women, the Occupied Palestinian territories has 70.6 for men and 74.8 for women. </b>The average for the UK is 78.2 for men and 82.3 for women</b>
00PB	W06000013	Bridgend / Pen-y-bont ar Ogwr	77.0	76.8	0.8	81.3	81.4	1.2	To compare, Albania has a life expectancy of 73.4 for men and 80.4 for women, the Occupied Palestinian territories has 70.6 for men and 74.8 for women. </b>The average for the UK is 78.2 for men and 82.3 for women</b>
00CN	E08000025	Birmingham	77.0	76.8	1.6	81.3	81.6	1.1	To compare, Albania has a life expectancy of 73.4 for men and 80.4 for women, the Occupied Palestinian territories has 70.6 for men and 74.8 for women. </b>The average for the UK is 78.2 for men and 82.3 for women</b>
00CJ	E08000021	Newcastle upon Tyne	77.0	76.8	1.7	81.3	81.1	0.8	To compare, Albania has a life expectancy of 73.4 for men and 80.4 for women, the Occupied Palestinian territories has 70.6 for men and 74.8 for women. </b>The average for the UK is 78.2 for men and 82.3 for women</b>
00CE	E08000017	Doncaster	77.0	76.8	1.1	81.3	81.4	1.0	To compare, Albania has a life expectancy of 73.4 for men and 80.4 for women, the Occupied Palestinian territories has 70.6 for men and 74.8 for women. </b>The average for the UK is 78.2 for men and 82.3 for women</b>
00CC	E08000016	Barnsley	77.0	76.8	1.5	81.3	80.4	0.9	To compare, Albania has a life expectancy of 73.4 for men and 80.4 for women, the Occupied Palestinian territories has 70.6 for men and 74.8 for women. </b>The average for the UK is 78.2 for men and 82.3 for women</b>
00QH	S12000006	Dumfries & Galloway	77.0	76.7	0.6	81.3	81.5	1.1	To compare, Albania has a life expectancy of 73.4 for men and 80.4 for women, the Occupied Palestinian territories has 70.6 for men and 74.8 for women. </b>The average for the UK is 78.2 for men and 82.3 for women</b>
00PR	W06000022	Newport / Casnewydd	77.0	76.7	0.0	81.3	82.4	1.7	To compare, Albania has a life expectancy of 73.4 for men and 80.4 for women, the Occupied Palestinian territories has 70.6 for men and 74.8 for women. </b>The average for the UK is 78.2 for men and 82.3 for women</b>
00PK	W06000018	Caerphilly / Caerffili	77.0	76.7	1.1	81.3	81.3	1.4	To compare, Albania has a life expectancy of 73.4 for men and 80.4 for women, the Occupied Palestinian territories has 70.6 for men and 74.8 for women. </b>The average for the UK is 78.2 for men and 82.3 for women</b>
00CW	E08000031	Wolverhampton	77.0	76.7	1.3	81.3	80.8	0.7	To compare, Albania has a life expectancy of 73.4 for men and 80.4 for women, the Occupied Palestinian territories has 70.6 for men and 74.8 for women. </b>The average for the UK is 78.2 for men and 82.3 for women</b>
00CH	E08000020	Gateshead	77.0	76.7	1.4	81.3	80.9	1.0	To compare, Albania has a life expectancy of 73.4 for men and 80.4 for women, the Occupied Palestinian territories has 70.6 for men and 74.8 for women. </b>The average for the UK is 78.2 for men and 82.3 for women</b>
00BG	E09000030	Tower Hamlets	77.0	76.7	1.5	81.3	81.4	1.2	To compare, Albania has a life expectancy of 73.4 for men and 80.4 for women, the Occupied Palestinian territories has 70.6 for men and 74.8 for women. </b>The average for the UK is 78.2 for men and 82.3 for women</b>
00AZ	E09000023	Lewisham 	77.0	76.7	1.0	81.3	81.3	1.0	To compare, Albania has a life expectancy of 73.4 for men and 80.4 for women, the Occupied Palestinian territories has 70.6 for men and 74.8 for women. </b>The average for the UK is 78.2 for men and 82.3 for women</b>
00AL	E09000011	Greenwich	77.0	76.7	1.7	81.3	81.8	1.1	To compare, Albania has a life expectancy of 73.4 for men and 80.4 for women, the Occupied Palestinian territories has 70.6 for men and 74.8 for women. </b>The average for the UK is 78.2 for men and 82.3 for women</b>
95B	95B	Limavady	77.0	76.6	-0.3	81.3	83.2	2.9	To compare, Albania has a life expectancy of 73.4 for men and 80.4 for women, the Occupied Palestinian territories has 70.6 for men and 74.8 for women. </b>The average for the UK is 78.2 for men and 82.3 for women</b>
00QW	S12000019	Midlothian	77.0	76.6	1.5	81.3	81.4	1.7	To compare, Albania has a life expectancy of 73.4 for men and 80.4 for women, the Occupied Palestinian territories has 70.6 for men and 74.8 for women. </b>The average for the UK is 78.2 for men and 82.3 for women</b>
00CX	E08000032	Bradford 	77.0	76.6	1.1	81.3	80.8	1.0	To compare, Albania has a life expectancy of 73.4 for men and 80.4 for women, the Occupied Palestinian territories has 70.6 for men and 74.8 for women. </b>The average for the UK is 78.2 for men and 82.3 for women</b>
95O	95O	Armagh	77.0	76.5	0.1	81.3	81.7	0.4	To compare, Albania has a life expectancy of 73.4 for men and 80.4 for women, the Occupied Palestinian territories has 70.6 for men and 74.8 for women. </b>The average for the UK is 78.2 for men and 82.3 for women</b>
00NZ	W06000012	Neath Port Talbot / Castell-nedd Port Talbot	77.0	76.5	0.5	81.3	80.9	0.7	To compare, Albania has a life expectancy of 73.4 for men and 80.4 for women, the Occupied Palestinian territories has 70.6 for men and 74.8 for women. </b>The average for the UK is 78.2 for men and 82.3 for women</b>
00FC	E06000012	North East Lincolnshire UA	77.0	76.5	0.7	81.3	81.8	1.0	To compare, Albania has a life expectancy of 73.4 for men and 80.4 for women, the Occupied Palestinian territories has 70.6 for men and 74.8 for women. </b>The average for the UK is 78.2 for men and 82.3 for women</b>
00BW	E08000010	Wigan	77.0	76.5	1.2	81.3	80.7	1.1	To compare, Albania has a life expectancy of 73.4 for men and 80.4 for women, the Occupied Palestinian territories has 70.6 for men and 74.8 for women. </b>The average for the UK is 78.2 for men and 82.3 for women</b>
00BL	E08000001	Bolton	77.0	76.5	1.3	81.3	80.6	1.1	To compare, Albania has a life expectancy of 73.4 for men and 80.4 for women, the Occupied Palestinian territories has 70.6 for men and 74.8 for women. </b>The average for the UK is 78.2 for men and 82.3 for women</b>
	E11000001	Greater Manchester (Met County)	77.0	76.4	1.2	81.3	80.8	1.0	To compare, Albania has a life expectancy of 73.4 for men and 80.4 for women, the Occupied Palestinian territories has 70.6 for men and 74.8 for women. </b>The average for the UK is 78.2 for men and 82.3 for women</b>
29UN	E07000114	Thanet	77.0	76.4	0.6	81.3	81.8	1.3	To compare, Albania has a life expectancy of 73.4 for men and 80.4 for women, the Occupied Palestinian territories has 70.6 for men and 74.8 for women. </b>The average for the UK is 78.2 for men and 82.3 for women</b>
00RE	S12000028	South Ayrshire	77.0	76.4	0.6	81.3	81.1	0.6	To compare, Albania has a life expectancy of 73.4 for men and 80.4 for women, the Occupied Palestinian territories has 70.6 for men and 74.8 for women. </b>The average for the UK is 78.2 for men and 82.3 for women</b>
00QT	S12000017	Highland	77.0	76.4	1.2	81.3	81.5	0.9	To compare, Albania has a life expectancy of 73.4 for men and 80.4 for women, the Occupied Palestinian territories has 70.6 for men and 74.8 for women. </b>The average for the UK is 78.2 for men and 82.3 for women</b>
00QQ	S12000014	Falkirk	77.0	76.4	1.9	81.3	80.3	0.9	To compare, Albania has a life expectancy of 73.4 for men and 80.4 for women, the Occupied Palestinian territories has 70.6 for men and 74.8 for women. </b>The average for the UK is 78.2 for men and 82.3 for women</b>
00QR	S12000015	Fife	77.0	76.3	0.8	81.3	80.7	0.6	To compare, Albania has a life expectancy of 73.4 for men and 80.4 for women, the Occupied Palestinian territories has 70.6 for men and 74.8 for women. </b>The average for the UK is 78.2 for men and 82.3 for women</b>
00QA	S12000033	Aberdeen City	77.0	76.3	1.4	81.3	80.9	0.8	To compare, Albania has a life expectancy of 73.4 for men and 80.4 for women, the Occupied Palestinian territories has 70.6 for men and 74.8 for women. </b>The average for the UK is 78.2 for men and 82.3 for women</b>
00CM	E08000024	Sunderland	77.0	76.3	0.8	81.3	80.6	0.8	To compare, Albania has a life expectancy of 73.4 for men and 80.4 for women, the Occupied Palestinian territories has 70.6 for men and 74.8 for women. </b>The average for the UK is 78.2 for men and 82.3 for women</b>
00BZ	E08000013	St. Helens	77.0	76.3	1.0	81.3	81.0	0.8	To compare, Albania has a life expectancy of 73.4 for men and 80.4 for women, the Occupied Palestinian territories has 70.6 for men and 74.8 for women. </b>The average for the UK is 78.2 for men and 82.3 for women</b>
00BX	E08000011	Knowsley 	77.0	76.3	1.9	81.3	80.2	1.2	To compare, Albania has a life expectancy of 73.4 for men and 80.4 for women, the Occupied Palestinian territories has 70.6 for men and 74.8 for women. </b>The average for the UK is 78.2 for men and 82.3 for women</b>
00BQ	E08000005	Rochdale	77.0	76.3	1.4	81.3	80.6	1.4	To compare, Albania has a life expectancy of 73.4 for men and 80.4 for women, the Occupied Palestinian territories has 70.6 for men and 74.8 for women. </b>The average for the UK is 78.2 for men and 82.3 for women</b>
	E11000002	Merseyside (Met County)	77.0	76.2	1.1	81.3	80.6	0.8	To compare, Albania has a life expectancy of 73.4 for men and 80.4 for women, the Occupied Palestinian territories has 70.6 for men and 74.8 for women. </b>The average for the UK is 78.2 for men and 82.3 for women</b>
00RH	S12000040	West Lothian	77.0	76.2	1.0	81.3	80.0	1.0	To compare, Albania has a life expectancy of 73.4 for men and 80.4 for women, the Occupied Palestinian territories has 70.6 for men and 74.8 for women. </b>The average for the UK is 78.2 for men and 82.3 for women</b>
00PF	W06000016	Rhondda Cynon Taf / Rhondda Cynon Taf	77.0	76.2	0.5	81.3	80.6	0.5	To compare, Albania has a life expectancy of 73.4 for men and 80.4 for women, the Occupied Palestinian territories has 70.6 for men and 74.8 for women. </b>The average for the UK is 78.2 for men and 82.3 for women</b>
00GL	E06000021	Stoke-on-Trent UA	77.0	76.2	1.7	81.3	80.2	0.6	To compare, Albania has a life expectancy of 73.4 for men and 80.4 for women, the Occupied Palestinian territories has 70.6 for men and 74.8 for women. </b>The average for the UK is 78.2 for men and 82.3 for women</b>
00BB	E09000025	Newham 	77.0	76.2	1.3	81.3	81.1	1.8	To compare, Albania has a life expectancy of 73.4 for men and 80.4 for women, the Occupied Palestinian territories has 70.6 for men and 74.8 for women. </b>The average for the UK is 78.2 for men and 82.3 for women</b>
95I	95I	Cookstown	77.0	76.1	1.4	81.3	82.4	0.8	To compare, Albania has a life expectancy of 73.4 for men and 80.4 for women, the Occupied Palestinian territories has 70.6 for men and 74.8 for women. </b>The average for the UK is 78.2 for men and 82.3 for women</b>
00EC	E06000002	Middlesbrough UA	77.0	76.1	1.6	81.3	80.2	1.0	To compare, Albania has a life expectancy of 73.4 for men and 80.4 for women, the Occupied Palestinian territories has 70.6 for men and 74.8 for women. </b>The average for the UK is 78.2 for men and 82.3 for women</b>
30UK	E07000123	Preston	77.0	76.0	0.9	81.3	80.0	0.5	To compare, Albania has a life expectancy of 73.4 for men and 80.4 for women, the Occupied Palestinian territories has 70.6 for men and 74.8 for women. </b>The average for the UK is 78.2 for men and 82.3 for women</b>
00AU	E09000019	Islington	77.0	76.0	1.2	81.3	81.4	1.5	To compare, Albania has a life expectancy of 73.4 for men and 80.4 for women, the Occupied Palestinian territories has 70.6 for men and 74.8 for women. </b>The average for the UK is 78.2 for men and 82.3 for women</b>
00PL	W06000019	Blaenau Gwent / Blaenau Gwent	77.0	75.9	1.2	81.3	79.7	1.0	To compare, Albania has a life expectancy of 73.4 for men and 80.4 for women, the Occupied Palestinian territories has 70.6 for men and 74.8 for women. </b>The average for the UK is 78.2 for men and 82.3 for women</b>
00EB	E06000001	Hartlepool UA	77.0	75.9	1.4	81.3	81.0	2.7	To compare, Albania has a life expectancy of 73.4 for men and 80.4 for women, the Occupied Palestinian territories has 70.6 for men and 74.8 for women. </b>The average for the UK is 78.2 for men and 82.3 for women</b>
	S92000003	SCOTLAND	77.0	75.8	1.2	81.3	80.4	0.8	To compare, Albania has a life expectancy of 73.4 for men and 80.4 for women, the Occupied Palestinian territories has 70.6 for men and 74.8 for women. </b>The average for the UK is 78.2 for men and 82.3 for women</b>
30UM	E07000125	Rossendale	77.0	75.7	0.1	81.3	80.3	0.4	To compare, Albania has a life expectancy of 73.4 for men and 80.4 for women, the Occupied Palestinian territories has 70.6 for men and 74.8 for women. </b>The average for the UK is 78.2 for men and 82.3 for women</b>
00RF	S12000029	South Lanarkshire	77.0	75.7	1.3	81.3	80.3	1.0	To compare, Albania has a life expectancy of 73.4 for men and 80.4 for women, the Occupied Palestinian territories has 70.6 for men and 74.8 for women. </b>The average for the UK is 78.2 for men and 82.3 for women</b>
00FY	E06000018	Nottingham UA	77.0	75.7	1.4	81.3	80.7	0.9	To compare, Albania has a life expectancy of 73.4 for men and 80.4 for women, the Occupied Palestinian territories has 70.6 for men and 74.8 for women. </b>The average for the UK is 78.2 for men and 82.3 for women</b>
00FA	E06000010	Kingston upon Hull, City of UA	77.0	75.7	1.0	81.3	80.2	1.2	To compare, Albania has a life expectancy of 73.4 for men and 80.4 for women, the Occupied Palestinian territories has 70.6 for men and 74.8 for women. </b>The average for the UK is 78.2 for men and 82.3 for women</b>
00BT	E08000008	Tameside	77.0	75.7	0.8	81.3	80.3	0.5	To compare, Albania has a life expectancy of 73.4 for men and 80.4 for women, the Occupied Palestinian territories has 70.6 for men and 74.8 for women. </b>The average for the UK is 78.2 for men and 82.3 for women</b>
00BP	E08000004	Oldham 	77.0	75.7	1.0	81.3	80.5	1.2	To compare, Albania has a life expectancy of 73.4 for men and 80.4 for women, the Occupied Palestinian territories has 70.6 for men and 74.8 for women. </b>The average for the UK is 78.2 for men and 82.3 for women</b>
00QF	S12000005	Clackmannanshire	77.0	75.6	2.4	81.3	80.6	1.8	To compare, Albania has a life expectancy of 73.4 for men and 80.4 for women, the Occupied Palestinian territories has 70.6 for men and 74.8 for women. </b>The average for the UK is 78.2 for men and 82.3 for women</b>
95A	95A	Derry 	77.0	75.5	0.6	81.3	79.9	0.5	To compare, Albania has a life expectancy of 73.4 for men and 80.4 for women, the Occupied Palestinian territories has 70.6 for men and 74.8 for women. </b>The average for the UK is 78.2 for men and 82.3 for women</b>
30UD	E07000117	Burnley	77.0	75.5	0.3	81.3	80.4	1.7	To compare, Albania has a life expectancy of 73.4 for men and 80.4 for women, the Occupied Palestinian territories has 70.6 for men and 74.8 for women. </b>The average for the UK is 78.2 for men and 82.3 for women</b>
00ET	E06000006	Halton UA	77.0	75.5	1.2	81.3	79.6	1.3	To compare, Albania has a life expectancy of 73.4 for men and 80.4 for women, the Occupied Palestinian territories has 70.6 for men and 74.8 for women. </b>The average for the UK is 78.2 for men and 82.3 for women</b>
00CS	E08000028	Sandwell 	77.0	75.5	1.1	81.3	80.8	1.1	To compare, Albania has a life expectancy of 73.4 for men and 80.4 for women, the Occupied Palestinian territories has 70.6 for men and 74.8 for women. </b>The average for the UK is 78.2 for men and 82.3 for women</b>
00QK	S12000008	East Ayrshire	77.0	75.4	0.9	81.3	79.5	1.3	To compare, Albania has a life expectancy of 73.4 for men and 80.4 for women, the Occupied Palestinian territories has 70.6 for men and 74.8 for women. </b>The average for the UK is 78.2 for men and 82.3 for women</b>
00PH	W06000024	Merthyr Tydfil / Merthyr Tudful	77.0	75.4	0.0	81.3	80.2	1.1	To compare, Albania has a life expectancy of 73.4 for men and 80.4 for women, the Occupied Palestinian territories has 70.6 for men and 74.8 for women. </b>The average for the UK is 78.2 for men and 82.3 for women</b>
00FN	E06000016	Leicester UA	77.0	75.4	0.1	81.3	80.1	0.6	To compare, Albania has a life expectancy of 73.4 for men and 80.4 for women, the Occupied Palestinian territories has 70.6 for men and 74.8 for women. </b>The average for the UK is 78.2 for men and 82.3 for women</b>
30UG	E07000120	Hyndburn	77.0	75.3	0.1	81.3	80.3	0.8	To compare, Albania has a life expectancy of 73.4 for men and 80.4 for women, the Occupied Palestinian territories has 70.6 for men and 74.8 for women. </b>The average for the UK is 78.2 for men and 82.3 for women</b>
34UB	E07000150	Corby	77.0	75.2	0.9	81.3	80.4	0.6	To compare, Albania has a life expectancy of 73.4 for men and 80.4 for women, the Occupied Palestinian territories has 70.6 for men and 74.8 for women. </b>The average for the UK is 78.2 for men and 82.3 for women</b>
00QY	S12000021	North Ayrshire	77.0	75.0	1.1	81.3	79.5	0.5	To compare, Albania has a life expectancy of 73.4 for men and 80.4 for women, the Occupied Palestinian territories has 70.6 for men and 74.8 for women. </b>The average for the UK is 78.2 for men and 82.3 for women</b>
00EX	E06000008	Blackburn with Darwen UA	77.0	74.8	0.6	81.3	79.6	0.4	To compare, Albania has a life expectancy of 73.4 for men and 80.4 for women, the Occupied Palestinian territories has 70.6 for men and 74.8 for women. </b>The average for the UK is 78.2 for men and 82.3 for women</b>
00BY	E08000012	Liverpool	77.0	74.8	1.0	81.3	79.2	0.9	To compare, Albania has a life expectancy of 73.4 for men and 80.4 for women, the Occupied Palestinian territories has 70.6 for men and 74.8 for women. </b>The average for the UK is 78.2 for men and 82.3 for women</b>
00BR	E08000006	Salford	77.0	74.8	0.6	81.3	79.9	1.2	To compare, Albania has a life expectancy of 73.4 for men and 80.4 for women, the Occupied Palestinian territories has 70.6 for men and 74.8 for women. </b>The average for the UK is 78.2 for men and 82.3 for women</b>
00QZ	S12000044	North Lanarkshire	77.0	74.3	1.3	81.3	78.8	0.6	To compare, Albania has a life expectancy of 73.4 for men and 80.4 for women, the Occupied Palestinian territories has 70.6 for men and 74.8 for women. </b>The average for the UK is 78.2 for men and 82.3 for women</b>
00BN	E08000003	Manchester	77.0	74.1	1.2	81.3	79.1	0.6	To compare, Albania has a life expectancy of 73.4 for men and 80.4 for women, the Occupied Palestinian territories has 70.6 for men and 74.8 for women. </b>The average for the UK is 78.2 for men and 82.3 for women</b>
00RJ	S12000013	Eilean Siar 	77.0	74.0	1.0	81.3	82.0	2.1	To compare, Albania has a life expectancy of 73.4 for men and 80.4 for women, the Occupied Palestinian territories has 70.6 for men and 74.8 for women. </b>The average for the UK is 78.2 for men and 82.3 for women</b>
95Z	95Z	Belfast	77.0	73.9	0.2	81.3	79.8	0.2	To compare, Albania has a life expectancy of 73.4 for men and 80.4 for women, the Occupied Palestinian territories has 70.6 for men and 74.8 for women. </b>The average for the UK is 78.2 for men and 82.3 for women</b>
00QJ	S12000042	Dundee City	77.0	73.9	0.3	81.3	79.2	0.0	To compare, Albania has a life expectancy of 73.4 for men and 80.4 for women, the Occupied Palestinian territories has 70.6 for men and 74.8 for women. </b>The average for the UK is 78.2 for men and 82.3 for women</b>
00RC	S12000038	Renfrewshire	77.0	73.8	0.4	81.3	79.5	1.1	To compare, Albania has a life expectancy of 73.4 for men and 80.4 for women, the Occupied Palestinian territories has 70.6 for men and 74.8 for women. </b>The average for the UK is 78.2 for men and 82.3 for women</b>
00QG	S12000039	West Dunbartonshire	77.0	73.6	1.8	81.3	78.3	0.6	To compare, Albania has a life expectancy of 73.4 for men and 80.4 for women, the Occupied Palestinian territories has 70.6 for men and 74.8 for women. </b>The average for the UK is 78.2 for men and 82.3 for women</b>
00EY	E06000009	Blackpool UA	77.0	73.6	0.3	81.3	79.4	0.7	To compare, Albania has a life expectancy of 73.4 for men and 80.4 for women, the Occupied Palestinian territories has 70.6 for men and 74.8 for women. </b>The average for the UK is 78.2 for men and 82.3 for women</b>
00QU	S12000018	Inverclyde	77.0	73.0	0.8	81.3	79.1	1.3	To compare, Albania has a life expectancy of 73.4 for men and 80.4 for women, the Occupied Palestinian territories has 70.6 for men and 74.8 for women. </b>The average for the UK is 78.2 for men and 82.3 for women</b>
00QS	S12000043	Glasgow City	77.0	71.6	1.1	81.3	78.0	1.0	To compare, Albania has a life expectancy of 73.4 for men and 80.4 for women, the Occupied Palestinian territories has 70.6 for men and 74.8 for women. </b>The average for the UK is 78.2 for men and 82.3 for women</b>